Problem_Solving_Skill,Analytical_Ability,Logical_Reasoning,Social_Responsibility,Maths_score_12th,NATA_Score,Interest_in_Biology_subject,Thinking_Reasoning_Skills,Negotiation_Skill,Number_Of_Design_Language,Expansive_Thinking,Assurity_About_Work,Nift_Exam_Score,Typography_Skill,Critical_Thinking_Skill,NEET_Score,Experimental_skill,Communication_Skill,PCM_percentage_12th,Coding_skills,Score_12th_Sci,Diagnostic_skill,Understanding_scientific_literature,able_to_do_Mental_calculation,interpret_prescriptions_accurately,Ready_to_take_care_of_animals,Do_you_like_animals,selfless_concern_for_the_wellbeing_of_others,Good_Verbal_Communication,Team_Player,Preference_Technical_Management,Continuous_Learning,Patience_person,memory_skills,Budget_for_Graduation,Interest_research_field,do_work_in_Team,Self_learning_capability,Suggested_Field
8,7,8,6,81,89,9,9,8,4,8,8,60,5,1,555,9,7,78,9,80,6,6,Yes,Yes,Yes,Yes,Yes,Yes,Yes,Technical,No,No,No,Upto 1 Lakh,Yes,Yes,Yes,Engineering
8,8,9,6,80,60,5,4,6,1,4,4,35,4,3,300,8,6,75,8,80,5,6,Yes,Yes,No,No,No,Yes,Yes,Technical,Yes,No,No,Upto 6 Lakh,No,Yes,No,Engineering
9,9,9,6,88,75,2,5,6,0,3,6,39,5,3,0,8,5,76,3,80,3,3,Yes,Yes,No,Yes,No,Yes,No,Ma0gement,Yes,Yes,Yes,Upto 6 Lakh,Yes,Yes,No,Engineering
6,8,7,5,71,100,3,5,6,1,2,5,49,5,3,140,9,5,74,6,68,3,3,No,Yes,No,No,No,Yes,Yes,Technical,Yes,Yes,Yes,Less than 50K,No,Yes,Yes,Engineering
8,8,9,6,86,93,3,6,6,0,2,5,54,4,2,0,9,6,78,5,78,3,3,Yes,Yes,No,No,No,Yes,No,Technical,Yes,Yes,Yes,Less than 50K,Yes,Yes,No,Engineering
9,8,9,5,76,0,5,5,6,0,5,6,52,6,2,0,9,6,76,3,77,3,2,Yes,Yes,No,No,No,Yes,Yes,Ma0gement,Yes,Yes,Yes,Upto 6 Lakh,No,Yes,Yes,Engineering
6,6,7,5,85,93,5,6,6,1,3,6,0,4,2,200,9,5,72,5,73,4,2,No,Yes,No,Yes,Yes,Yes,No,Technical,Yes,Yes,Yes,Upto 6 Lakh,Yes,Yes,No,Engineering
8,8,10,6,72,64,3,6,5,0,5,5,0,5,4,0,8,7,74,4,77,4,3,Yes,No,No,No,No,Yes,Yes,Technical,Maybe,Yes,Yes,Upto 6 Lakh,Yes,Yes,Yes,Engineering
9,8,9,6,88,77,2,4,6,0,4,6,0,6,3,0,9,6,79,6,75,4,3,Yes,No,No,No,No,Yes,Yes,Ma0gement,Yes,Yes,Yes,Upto 6 Lakh,Yes,Yes,Yes,Engineering
10,6,8,5,81,0,3,5,5,0,5,5,0,5,3,0,8,5,70,3,72,4,3,No,No,No,No,No,Yes,No,Technical,Yes,No,No,Less than 50K,No,No,Yes,Engineering
7,8,8,6,88,77,2,6,6,1,4,6,0,6,2,332,8,5,78,4,77,4,2,Yes,No,Yes,No,No,Yes,Yes,Technical,Yes,Yes,Yes,Upto 6 Lakh,Yes,No,No,Engineering
7,8,6,5,90,66,4,6,6,0,2,5,0,5,3,0,9,6,80,4,80,3,3,No,No,No,No,No,Yes,No,Ma0gement,Yes,Yes,Yes,Less than 50K,Yes,No,No,Engineering
7,7,6,5,89,67,2,6,6,1,5,6,0,4,3,0,8,7,72,6,77,4,2,Yes,Yes,No,Yes,No,Yes,Yes,Technical,Yes,No,No,Upto 6 Lakh,Yes,Yes,Yes,Engineering
9,8,8,6,72,66,2,4,6,1,4,5,30,6,4,0,7,5,78,6,67,3,2,Yes,Yes,No,No,No,Yes,Yes,Technical,Yes,Yes,Yes,Upto 6 Lakh,No,No,No,Engineering
7,7,8,6,84,72,2,4,5,1,3,5,31,6,3,150,7,5,70,3,83,4,3,No,Yes,No,No,Yes,Yes,No,Ma0gement,Yes,Yes,Yes,Less than 50K,Yes,Yes,Yes,Engineering
7,7,8,5,76,82,5,4,6,0,5,6,32,6,3,0,8,6,72,4,70,4,2,Yes,Yes,No,No,No,Yes,Yes,Technical,Yes,No,No,Less than 50K,No,No,No,Engineering
8,6,8,5,71,0,5,5,6,0,2,5,55,6,3,0,9,5,71,4,67,3,3,No,Yes,No,Yes,No,Yes,Yes,Technical,Maybe,Yes,Yes,Upto 6 Lakh,Yes,Yes,No,Engineering
7,7,6,6,80,100,4,8,6,0,4,5,54,4,2,0,8,7,72,3,70,4,3,Yes,Yes,Yes,No,Yes,Yes,Yes,Ma0gement,No,No,No,Upto 6 Lakh,No,Yes,Yes,Engineering
7,8,8,5,73,85,5,5,6,0,3,6,0,5,3,0,9,6,76,4,75,4,3,Yes,No,No,Yes,No,Yes,No,Technical,Yes,No,Yes,Upto 6 Lakh,No,Yes,Yes,Engineering
7,7,8,5,90,0,5,5,5,1,4,6,0,6,4,0,9,7,72,5,75,4,3,No,No,No,Yes,No,No,Yes,Ma0gement,Yes,Yes,No,Upto 6 Lakh,No,Yes,Yes,Engineering
7,8,7,6,74,0,5,6,5,0,6,6,0,5,5,150,7,7,76,6,78,3,5,Yes,No,Yes,Yes,No,No,No,Technical,Yes,No,Yes,Upto 6 Lakh,Yes,No,Yes,Engineering
8,8,7,6,88,0,4,4,5,0,5,6,0,4,4,0,5,5,71,5,67,4,2,Yes,No,No,No,Yes,Yes,No,Technical,Yes,No,Yes,Upto 6 Lakh,No,No,No,Engineering
8,8,6,6,79,0,2,4,4,1,5,6,0,5,5,0,4,6,78,5,77,4,5,No,Yes,No,No,Yes,No,Yes,Ma0gement,Yes,No,No,Upto 6 Lakh,No,Yes,Yes,Engineering
7,7,8,6,75,0,2,6,4,0,4,5,0,6,5,0,4,5,74,7,71,4,3,Yes,No,Yes,No,No,No,No,Technical,Yes,Yes,Yes,Upto 6 Lakh,Yes,No,Yes,Engineering
7,7,6,7,79,0,4,4,5,1,5,6,75,6,4,200,7,6,80,7,68,4,4,Yes,No,No,Yes,No,Yes,No,Technical,Yes,No,Yes,Upto 6 Lakh,No,No,Yes,Engineering
8,7,7,7,73,0,3,4,6,1,4,5,0,5,5,0,8,7,79,7,65,3,3,No,No,No,No,Yes,No,Yes,Ma0gement,Maybe,No,No,Upto 6 Lakh,No,No,No,Engineering
7,8,6,4,83,0,4,5,4,0,5,5,55,4,2,0,8,6,69,7,69,4,2,Yes,Yes,Yes,No,No,No,No,Technical,Yes,No,Yes,Upto 6 Lakh,Yes,Yes,Yes,Engineering
7,7,6,5,86,0,5,5,5,0,5,4,0,5,2,0,7,7,76,4,78,4,5,Yes,No,No,No,No,Yes,No,Technical,Yes,Yes,Yes,Upto 6 Lakh,No,No,Yes,Engineering
8,8,6,7,72,0,3,4,6,0,5,6,50,6,3,250,4,5,76,3,75,4,4,No,No,No,Yes,Yes,No,Yes,Ma0gement,Yes,No,No,Upto 6 Lakh,No,Yes,Yes,Engineering
8,7,6,4,73,0,3,5,5,0,5,4,0,5,2,0,4,5,70,3,69,3,4,Yes,Yes,Yes,No,No,No,No,Technical,Yes,No,Yes,Upto 6 Lakh,Yes,Yes,Yes,Engineering
7,7,8,4,75,0,4,6,5,1,5,5,0,5,5,0,6,6,72,3,74,3,4,Yes,No,No,No,No,Yes,No,Technical,No,No,Yes,Upto 6 Lakh,No,No,Yes,Engineering
7,7,8,4,82,0,5,4,4,1,5,6,0,6,5,0,8,6,71,5,78,4,2,No,Yes,No,No,Yes,No,Yes,Ma0gement,Yes,Yes,No,Upto 1 Lakh,No,No,Yes,Engineering
7,8,8,6,79,0,2,5,5,1,4,4,40,4,4,345,4,5,75,7,79,4,3,Yes,No,Yes,Yes,No,No,No,Technical,Yes,No,Yes,Upto 6 Lakh,Yes,No,Yes,Engineering
7,7,8,4,76,0,2,6,6,0,5,6,0,5,2,0,5,5,76,5,77,3,5,Yes,Yes,No,No,No,Yes,No,Technical,No,No,Yes,Less than 50K,No,No,No,Engineering
7,8,8,6,86,0,4,5,5,0,5,5,0,5,2,0,4,5,78,5,73,3,3,No,Yes,No,No,Yes,No,Yes,Ma0gement,Yes,No,No,Upto 6 Lakh,No,Yes,Yes,Engineering
8,7,6,4,73,0,3,4,4,1,4,4,0,5,4,0,8,5,75,7,76,3,3,Yes,No,Yes,No,No,No,No,Technical,Yes,Yes,Yes,Upto 6 Lakh,Yes,No,Yes,Engineering
7,8,6,7,88,0,5,5,6,1,4,5,0,5,2,365,5,7,80,3,78,4,3,Yes,Yes,No,Yes,No,Yes,No,Technical,Maybe,No,Yes,Upto 6 Lakh,No,Yes,Yes,Engineering
8,8,6,4,82,0,5,6,4,1,5,6,0,5,4,0,8,7,69,4,68,3,4,No,Yes,No,No,Yes,No,Yes,Ma0gement,Yes,No,No,Upto 6 Lakh,No,No,Yes,Engineering
8,8,8,5,74,0,2,5,4,0,4,6,0,5,2,0,4,6,78,7,65,4,2,Yes,No,Yes,No,No,No,No,Technical,Yes,No,Yes,Upto 1 Lakh,Yes,No,Yes,Engineering
8,8,7,6,78,0,5,6,6,0,5,6,45,4,5,0,7,6,78,7,80,4,3,Yes,Yes,No,No,No,Yes,No,Technical,No,Yes,Yes,Upto 6 Lakh,No,No,No,Engineering
8,8,7,5,82,0,4,4,5,0,4,4,0,4,3,155,5,6,68,6,78,4,3,No,No,No,Yes,Yes,No,Yes,Ma0gement,Yes,No,No,Upto 6 Lakh,No,Yes,Yes,Engineering
7,7,6,6,75,0,3,6,4,1,4,6,35,5,2,0,4,7,74,4,74,3,3,Yes,No,Yes,No,No,No,No,Technical,Yes,No,Yes,Upto 6 Lakh,Yes,No,Yes,Engineering
8,7,6,7,74,0,4,4,5,0,5,5,0,4,2,0,4,5,69,3,66,4,2,Yes,Yes,No,No,No,Yes,No,Technical,Yes,No,Yes,Upto 6 Lakh,No,No,Yes,Engineering
8,7,6,4,83,0,2,6,6,1,5,6,0,4,3,0,6,6,76,7,73,3,4,No,No,No,No,Yes,No,Yes,Ma0gement,Yes,Yes,No,Upto 1 Lakh,No,Yes,No,Engineering
8,7,6,4,83,0,4,5,4,0,3,5,0,5,5,190,5,7,78,5,71,4,3,Yes,Yes,Yes,Yes,No,No,No,Technical,Yes,No,Yes,Upto 6 Lakh,Yes,No,Yes,Engineering
7,8,7,7,89,0,2,5,5,1,4,4,0,6,2,0,5,7,79,4,69,3,5,Yes,Yes,No,No,No,Yes,No,Technical,No,No,Yes,Upto 6 Lakh,No,Yes,Yes,Engineering
7,8,6,7,90,0,5,6,6,0,5,6,0,5,3,0,8,7,73,5,65,3,3,No,No,No,No,Yes,No,Yes,Ma0gement,Yes,No,No,Upto 6 Lakh,No,No,No,Engineering
8,7,7,6,88,0,3,5,4,1,3,5,56,5,5,0,7,6,70,6,67,3,4,Yes,No,Yes,No,No,No,No,Technical,Yes,Yes,Yes,Upto 6 Lakh,Yes,No,Yes,Engineering
8,8,6,4,79,0,5,4,5,1,3,6,0,4,5,225,8,5,70,3,76,3,4,Yes,No,No,Yes,No,Yes,No,Technical,Yes,No,Yes,Upto 6 Lakh,No,Yes,Yes,Engineering
8,7,8,7,81,0,5,5,6,0,5,6,0,4,4,0,6,7,75,4,77,3,5,No,No,No,No,Yes,No,Yes,Ma0gement,No,No,No,Upto 6 Lakh,No,No,Yes,Engineering
7,8,7,5,71,0,4,5,5,0,4,6,0,5,4,0,8,6,79,5,75,3,5,Yes,Yes,Yes,No,No,No,No,Technical,Yes,No,Yes,Upto 1 Lakh,Yes,No,Yes,Engineering
7,7,7,4,81,0,4,6,5,0,5,5,0,4,2,0,5,7,80,3,69,3,4,Yes,Yes,No,No,No,Yes,No,Technical,Yes,Yes,Yes,Upto 6 Lakh,No,Yes,No,Engineering
7,7,7,4,89,0,2,6,4,0,4,6,45,6,3,198,7,6,79,4,67,3,2,No,No,No,Yes,Yes,No,Yes,Ma0gement,Yes,No,No,Upto 6 Lakh,No,Yes,Yes,Engineering
8,8,7,5,81,0,5,6,4,0,3,5,0,5,5,0,4,6,76,4,75,3,3,Yes,No,Yes,No,No,No,No,Technical,Yes,No,Yes,Less than 50K,Yes,No,Yes,Engineering
8,7,8,4,72,0,2,4,5,1,5,5,0,4,3,0,5,6,74,4,76,4,4,Yes,No,No,No,No,Yes,No,Technical,Yes,No,Yes,Upto 6 Lakh,No,No,No,Engineering
7,7,6,5,74,0,4,4,5,1,4,6,50,5,5,0,5,6,71,7,72,3,2,No,No,No,No,Yes,No,Yes,Ma0gement,No,Yes,No,Upto 1 Lakh,No,Yes,Yes,Engineering
8,8,7,6,72,0,3,6,5,1,5,6,0,5,3,350,5,6,78,4,80,4,2,Yes,No,Yes,Yes,No,No,No,Technical,Yes,No,Yes,Upto 6 Lakh,Yes,No,Yes,Engineering
7,8,6,6,78,0,5,6,4,1,5,5,0,6,3,0,5,5,72,7,79,3,5,Yes,No,No,No,No,Yes,No,Technical,Yes,No,Yes,Upto 6 Lakh,No,No,No,Engineering
7,8,8,4,70,0,4,6,5,0,4,4,61,5,5,0,6,6,79,3,79,4,4,No,No,No,No,Yes,No,Yes,Ma0gement,Yes,No,No,Upto 6 Lakh,No,No,Yes,Engineering
3,3,4,7,85,122,4,7,8,1,4,6,50,5,4,0,5,5,70,2,68,4,2,Yes,No,No,No,Yes,Yes,Yes,Technical,Yes,Yes,Yes,Upto 6 Lakh,No,Yes,Yes,Architecure
3,5,4,6,79,113,2,8,7,1,4,4,0,4,5,0,6,7,73,3,74,4,5,No,No,No,No,No,Yes,No,Technical,Maybe,No,No,Upto 6 Lakh,Yes,Yes,Yes,Architecure
3,3,5,6,85,135,2,8,7,1,4,6,0,6,5,0,7,5,80,2,77,4,4,Yes,Yes,Yes,No,No,Yes,No,Ma0gement,Yes,Yes,Yes,Upto 6 Lakh,No,No,Yes,Architecure
5,3,4,7,76,127,4,7,8,0,3,6,61,4,5,450,5,7,71,4,70,3,4,Yes,No,No,Yes,Yes,No,Yes,Technical,No,Yes,Yes,Upto 1 Lakh,No,Yes,No,Architecure
5,4,5,6,78,82,4,7,8,1,3,4,51,6,4,0,4,7,70,4,71,4,2,No,No,No,No,Yes,Yes,Yes,Technical,Yes,No,No,Upto 6 Lakh,No,Yes,Yes,Architecure
4,3,4,5,80,121,3,8,8,0,5,5,0,6,4,0,8,7,71,4,65,4,4,Yes,No,No,No,No,Yes,No,Ma0gement,Maybe,Yes,Yes,Upto 6 Lakh,Yes,Yes,Yes,Architecure
5,3,4,7,85,105,2,8,7,0,5,6,0,6,3,0,4,5,73,2,80,3,2,Yes,Yes,No,No,No,Yes,No,Technical,No,Yes,Yes,Upto 6 Lakh,No,Yes,Yes,Architecure
3,4,3,5,82,129,3,8,8,1,3,6,62,6,4,199,7,7,69,2,77,3,2,No,No,Yes,Yes,Yes,No,Yes,Technical,Yes,No,No,Less than 50K,No,No,Yes,Architecure
4,5,3,7,76,94,2,8,8,0,5,4,52,4,4,0,4,7,78,4,68,4,5,Yes,No,No,No,Yes,Yes,Yes,Ma0gement,Yes,Yes,Yes,Upto 6 Lakh,No,Yes,No,Architecure
4,5,5,4,75,114,4,8,8,0,5,6,0,6,2,0,4,6,77,4,75,3,4,Yes,No,No,No,No,Yes,No,Technical,Yes,Yes,Yes,Upto 1 Lakh,Yes,Yes,Yes,Architecure
3,5,4,7,75,132,2,8,7,1,4,5,0,4,5,0,8,6,70,3,70,4,2,No,No,No,No,No,Yes,No,Technical,Yes,No,No,Upto 6 Lakh,No,Yes,Yes,Architecure
3,4,5,7,77,104,2,7,7,1,3,5,63,6,4,200,8,5,73,4,80,3,2,Yes,Yes,No,Yes,Yes,No,Yes,Ma0gement,Maybe,Yes,Yes,Upto 6 Lakh,No,Yes,Yes,Architecure
5,5,4,5,78,98,2,8,8,1,3,6,53,4,4,0,5,7,74,2,65,3,5,Yes,No,Yes,No,Yes,Yes,Yes,Technical,No,Yes,Yes,Upto 1 Lakh,No,Yes,Yes,Architecure
4,4,3,4,84,130,4,8,7,0,5,6,0,5,2,0,6,7,76,4,76,3,2,No,No,No,No,No,Yes,No,Technical,Yes,No,No,Upto 6 Lakh,Yes,Yes,No,Architecure
5,5,4,4,80,118,2,8,8,1,4,4,0,6,2,0,5,5,70,2,71,4,2,Yes,No,No,No,No,Yes,No,Ma0gement,Yes,Yes,Yes,Upto 1 Lakh,No,No,Yes,Architecure
5,5,4,4,78,128,3,8,8,1,4,5,64,5,5,200,4,6,77,4,65,3,5,Yes,No,No,Yes,Yes,No,Yes,Technical,Yes,Yes,Yes,Upto 6 Lakh,No,Yes,Yes,Architecure
3,5,3,4,76,88,4,7,8,0,3,5,54,4,4,0,5,5,73,3,75,3,3,No,No,No,No,Yes,Yes,Yes,Technical,Maybe,No,No,Upto 6 Lakh,No,Yes,Yes,Architecure
5,4,3,6,75,85,4,8,7,0,4,6,0,6,4,0,6,6,75,4,74,3,5,Yes,No,Yes,No,No,Yes,No,Ma0gement,No,Yes,Yes,Upto 1 Lakh,Yes,Yes,Yes,Architecure
5,3,5,7,76,82,4,7,7,1,3,4,0,5,2,0,7,5,80,3,74,4,5,Yes,No,No,No,No,Yes,No,Technical,Yes,Yes,Yes,Upto 6 Lakh,No,Yes,No,Architecure
4,4,3,7,83,97,3,8,7,0,5,6,65,5,3,202,7,6,75,3,79,4,4,No,Yes,No,No,Yes,No,Yes,Technical,Yes,No,No,Upto 6 Lakh,No,Yes,Yes,Architecure
3,4,3,7,85,102,3,7,7,0,3,5,55,6,2,0,6,7,76,2,65,4,2,Yes,No,No,Yes,Yes,Yes,Yes,Ma0gement,Yes,Yes,Yes,Upto 1 Lakh,No,No,Yes,Architecure
4,5,4,4,84,90,2,8,7,1,5,4,0,4,2,0,7,6,79,3,70,3,2,Yes,No,No,No,No,Yes,No,Technical,Yes,Yes,Yes,Upto 6 Lakh,Yes,Yes,Yes,Architecure
3,5,5,7,75,107,4,8,8,1,5,5,0,5,2,0,5,5,72,2,70,4,3,No,No,Yes,No,No,Yes,No,Technical,Yes,No,No,Upto 6 Lakh,No,Yes,Yes,Architecure
4,5,4,7,85,105,2,8,7,1,5,4,66,5,5,203,5,6,80,4,74,4,2,Yes,No,No,No,Yes,No,Yes,Ma0gement,Maybe,Yes,Yes,Upto 6 Lakh,No,Yes,No,Architecure
4,5,4,6,81,136,3,8,8,0,5,4,56,6,3,0,6,5,71,3,75,3,5,Yes,Yes,No,Yes,Yes,Yes,Yes,Technical,Yes,Yes,Yes,Upto 1 Lakh,No,Yes,Yes,Architecure
4,3,4,6,84,71,4,8,7,1,3,5,0,4,4,0,6,6,69,2,66,3,2,No,No,No,No,No,Yes,No,Technical,No,No,No,Upto 6 Lakh,Yes,Yes,Yes,Architecure
4,4,3,6,79,95,2,8,8,0,3,4,0,6,4,0,8,5,69,3,73,4,3,Yes,No,No,No,No,Yes,No,Ma0gement,Yes,Yes,Yes,Upto 6 Lakh,No,Yes,Yes,Architecure
3,3,5,4,83,94,2,7,8,0,5,6,67,4,5,204,5,7,80,3,73,3,2,Yes,No,Yes,No,Yes,No,Yes,Technical,Yes,Yes,Yes,Upto 1 Lakh,No,No,Yes,Architecure
4,5,3,5,76,71,2,7,7,0,5,4,57,5,2,0,8,7,68,3,67,4,3,No,Yes,No,No,Yes,Yes,Yes,Technical,Yes,No,No,Upto 6 Lakh,No,Yes,No,Architecure
4,5,5,7,81,86,4,8,8,1,3,5,0,6,4,0,8,6,80,2,79,4,5,Yes,No,No,No,No,Yes,No,Ma0gement,Maybe,Yes,Yes,Less than 50K,Yes,Yes,Yes,Architecure
3,5,3,6,80,90,2,7,7,0,4,5,0,4,5,0,5,7,70,3,75,3,2,Yes,No,No,Yes,No,Yes,No,Technical,Yes,Yes,Yes,Upto 6 Lakh,No,Yes,Yes,Architecure
5,5,3,6,82,98,2,7,8,0,3,6,68,6,2,345,6,5,72,3,73,4,4,No,No,No,No,Yes,Yes,Yes,Technical,No,No,No,Upto 6 Lakh,No,Yes,Yes,Architecure
5,3,4,4,80,103,2,8,7,1,5,4,58,4,4,0,5,6,80,3,78,3,5,Yes,No,Yes,No,Yes,No,Yes,Technical,Yes,Yes,Yes,Upto 6 Lakh,No,Yes,Yes,Architecure
5,3,5,4,82,124,2,7,8,0,4,4,0,4,4,0,8,7,76,3,77,4,2,Yes,Yes,No,No,No,Yes,No,Ma0gement,Yes,Yes,Yes,Upto 6 Lakh,Yes,No,No,Architecure
4,3,3,6,84,100,2,7,7,1,4,6,0,4,4,0,6,5,75,4,77,4,3,No,No,No,Yes,No,Yes,No,Technical,Yes,No,No,Upto 6 Lakh,No,Yes,Yes,Architecure
4,4,5,7,83,141,4,7,7,0,4,4,69,6,5,206,6,5,68,4,80,3,4,Yes,No,No,No,Yes,Yes,Yes,Technical,No,Yes,Yes,Upto 6 Lakh,No,Yes,Yes,Architecure
4,3,3,4,79,150,2,8,8,1,3,6,59,5,5,0,8,5,76,2,66,3,4,Yes,No,No,No,Yes,No,Yes,Ma0gement,Yes,Yes,Yes,Upto 6 Lakh,No,Yes,Yes,Architecure
5,5,3,7,76,94,2,7,7,1,3,4,0,4,4,0,6,6,68,4,65,4,5,No,Yes,Yes,No,No,Yes,No,Technical,Yes,No,No,Upto 1 Lakh,Yes,Yes,Yes,Architecure
5,3,4,4,85,130,2,8,8,1,4,6,0,6,3,0,7,6,75,4,67,3,4,Yes,No,No,Yes,No,Yes,No,Technical,Maybe,Yes,Yes,Upto 6 Lakh,No,Yes,No,Architecure
4,3,3,5,77,122,2,7,8,1,3,6,70,4,2,207,7,5,76,2,72,3,2,Yes,No,No,No,Yes,Yes,Yes,Ma0gement,Yes,Yes,Yes,Upto 6 Lakh,No,Yes,Yes,Architecure
3,5,4,4,81,112,3,8,7,1,5,4,60,4,3,0,6,6,73,2,79,4,3,No,No,No,No,Yes,No,Yes,Technical,No,No,No,Upto 6 Lakh,No,Yes,Yes,Architecure
5,5,4,5,79,112,4,8,8,0,4,5,0,5,2,0,8,6,75,3,69,4,2,Yes,No,No,No,No,Yes,No,Technical,Yes,Yes,Yes,Upto 6 Lakh,Yes,Yes,Yes,Architecure
4,3,5,4,84,128,4,8,7,0,3,4,0,6,3,0,7,7,79,2,79,4,4,Yes,No,Yes,No,No,Yes,No,Ma0gement,Maybe,Yes,Yes,Upto 6 Lakh,No,Yes,Yes,Architecure
3,3,4,4,83,138,2,8,7,1,4,6,71,5,2,400,7,6,68,4,72,4,2,No,Yes,No,No,Yes,Yes,Yes,Technical,Yes,No,No,Upto 6 Lakh,No,Yes,No,Architecure
5,3,4,5,75,133,4,7,7,0,3,4,61,6,4,0,6,6,79,2,80,3,4,Yes,No,No,No,Yes,No,Yes,Technical,Yes,Yes,Yes,Upto 6 Lakh,No,Yes,Yes,Architecure
5,3,3,5,77,81,2,7,7,0,5,5,0,6,2,0,5,6,79,4,74,3,4,Yes,No,No,Yes,No,Yes,No,Ma0gement,Yes,Yes,Yes,Upto 6 Lakh,Yes,Yes,Yes,Architecure
3,5,5,4,76,122,2,8,8,1,4,5,0,5,5,0,7,7,68,2,73,4,2,No,No,No,No,No,Yes,No,Technical,No,No,No,Upto 6 Lakh,No,Yes,Yes,Architecure
3,3,4,4,77,130,2,7,8,0,3,5,72,6,3,209,6,6,78,4,69,4,2,Yes,No,Yes,No,Yes,Yes,Yes,Technical,Maybe,Yes,Yes,Upto 6 Lakh,No,Yes,Yes,Architecure
5,3,4,6,81,96,2,8,7,0,4,6,62,5,5,0,6,7,72,4,79,3,4,Yes,No,No,No,Yes,No,Yes,Ma0gement,Yes,Yes,Yes,Upto 6 Lakh,No,Yes,No,Architecure
4,4,4,7,84,92,3,7,7,0,5,4,0,4,5,0,4,5,77,4,67,3,3,No,No,No,Yes,No,Yes,No,Technical,No,No,No,Upto 6 Lakh,Yes,Yes,Yes,Architecure
5,5,4,4,80,133,4,7,8,0,4,6,0,6,3,0,4,7,77,4,79,4,5,Yes,No,No,No,No,Yes,No,Technical,Yes,Yes,Yes,Upto 6 Lakh,No,Yes,Yes,Architecure
4,4,5,4,75,86,2,7,8,1,5,6,73,4,2,350,8,6,71,4,71,4,2,Yes,Yes,No,No,Yes,Yes,Yes,Ma0gement,Yes,Yes,Yes,Upto 6 Lakh,No,Yes,Yes,Architecure
3,4,3,7,81,79,2,8,8,1,5,6,63,4,4,0,8,7,73,4,79,3,4,No,No,Yes,No,Yes,No,Yes,Technical,No,No,No,Less than 50K,No,Yes,Yes,Architecure
3,3,3,4,85,103,2,8,8,1,3,4,0,6,4,0,7,5,74,3,80,4,4,Yes,No,No,No,No,Yes,No,Technical,Yes,Yes,Yes,Upto 1 Lakh,Yes,Yes,No,Architecure
4,3,3,6,78,117,2,7,8,0,5,4,0,6,2,0,5,6,80,2,77,3,3,Yes,No,No,No,No,Yes,No,Ma0gement,Yes,Yes,Yes,Upto 6 Lakh,No,Yes,Yes,Architecure
4,3,3,7,75,120,3,7,7,1,5,4,74,6,3,185,4,5,74,3,79,3,3,No,No,No,No,Yes,Yes,Yes,Technical,Yes,No,No,Upto 1 Lakh,No,No,Yes,Architecure
5,4,4,7,84,101,4,8,8,1,4,6,64,4,5,0,5,6,78,4,68,3,2,Yes,No,No,Yes,Yes,No,Yes,Technical,No,Yes,Yes,Upto 6 Lakh,No,Yes,Yes,Architecure
4,5,4,7,78,104,4,8,8,1,4,6,0,5,3,0,6,7,71,4,74,3,5,Yes,No,Yes,No,No,Yes,No,Ma0gement,Yes,Yes,Yes,Upto 6 Lakh,Yes,Yes,Yes,Architecure
4,5,3,7,79,110,4,7,8,0,4,4,0,4,4,0,6,5,79,3,67,4,2,No,Yes,No,No,No,Yes,No,Technical,Yes,No,No,Less than 50K,No,Yes,No,Architecure
4,4,5,5,75,85,4,6,3,3,7,9,114,7,3,0,5,6,80,4,72,4,2,No,No,No,No,Yes,No,No,Technical,Maybe,Yes,No,Upto 1 Lakh,No,Yes,Yes,Interior Design
4,3,4,4,77,0,4,4,3,3,7,7,105,7,5,0,5,5,73,4,78,3,5,No,No,No,No,No,Yes,No,Technical,No,Yes,No,Upto 6 Lakh,No,No,Yes,Interior Design
3,3,5,3,78,0,2,5,5,3,8,9,115,7,5,0,5,6,80,2,76,3,4,No,No,No,No,No,Yes,Yes,Ma0gement,Yes,No,Yes,Upto 6 Lakh,Yes,No,No,Interior Design
5,3,4,4,75,75,4,5,5,3,8,8,97,7,3,240,4,5,77,4,79,4,4,No,Yes,No,Yes,Yes,Yes,Yes,Technical,Yes,Yes,No,Less than 50K,No,Yes,Yes,Interior Design
5,5,3,3,84,0,3,4,5,4,7,7,126,8,4,0,5,7,75,3,73,3,4,Yes,No,Yes,No,No,No,No,Technical,Yes,Yes,No,Upto 1 Lakh,No,Yes,Yes,Interior Design
3,5,3,5,82,0,4,5,3,4,8,9,122,8,5,0,5,5,71,3,79,4,5,No,No,No,No,No,Yes,No,Ma0gement,Maybe,No,Yes,Upto 6 Lakh,No,No,No,Interior Design
4,5,4,4,85,0,3,4,5,3,8,9,109,8,4,0,4,5,68,4,70,4,3,No,No,No,No,Yes,Yes,Yes,Technical,No,Yes,No,Upto 6 Lakh,Yes,No,Yes,Interior Design
4,4,4,4,84,0,2,5,5,4,8,9,133,7,5,0,5,6,73,2,80,4,3,No,Yes,No,No,No,No,Yes,Technical,Yes,Yes,No,Less than 50K,No,Yes,Yes,Interior Design
4,4,5,4,83,0,3,6,4,4,7,8,90,7,4,0,4,5,72,2,79,3,3,No,No,No,No,No,Yes,No,Ma0gement,Yes,No,Yes,Upto 1 Lakh,No,Yes,No,Interior Design
5,3,3,5,80,0,2,5,3,3,8,7,92,7,5,0,4,7,68,2,70,4,3,Yes,No,Yes,Yes,Yes,Yes,No,Technical,Yes,Yes,No,Upto 6 Lakh,No,No,Yes,Interior Design
4,3,3,4,76,0,3,6,5,5,7,7,90,7,2,451,4,7,75,2,77,4,3,No,No,No,No,No,Yes,Yes,Technical,Maybe,Yes,No,Upto 6 Lakh,Yes,No,Yes,Interior Design
3,5,3,5,80,0,2,6,5,3,8,8,125,7,3,0,4,6,77,2,75,3,5,No,Yes,No,No,No,No,Yes,Ma0gement,No,No,Yes,Less than 50K,No,Yes,No,Interior Design
3,3,5,4,80,0,2,6,3,5,7,9,104,7,3,0,5,7,71,2,80,3,3,No,No,No,No,Yes,Yes,No,Technical,Yes,Yes,No,Upto 1 Lakh,No,Yes,Yes,Interior Design
4,4,5,5,78,0,3,5,4,5,8,8,113,8,2,0,4,5,68,4,65,3,5,No,No,No,No,No,Yes,No,Technical,Yes,Yes,No,Upto 6 Lakh,No,No,Yes,Interior Design
4,3,3,5,80,80,3,6,3,5,8,7,123,8,3,0,5,5,69,3,71,3,4,Yes,No,Yes,No,No,No,Yes,Ma0gement,Yes,No,Yes,Upto 6 Lakh,Yes,No,No,Interior Design
3,4,5,4,76,0,3,6,4,5,7,9,97,7,5,0,4,5,78,4,67,3,2,No,Yes,No,Yes,Yes,Yes,Yes,Technical,Maybe,Yes,No,Less than 50K,No,Yes,Yes,Interior Design
5,4,5,4,81,0,4,6,5,4,7,8,86,8,2,0,4,7,76,3,80,4,3,No,No,No,No,No,Yes,No,Technical,No,Yes,No,Upto 1 Lakh,No,No,Yes,Interior Design
5,3,5,4,80,0,4,4,4,3,8,9,122,7,4,255,5,6,72,2,76,3,2,No,No,No,No,No,Yes,No,Ma0gement,No,No,Yes,Upto 6 Lakh,No,No,No,Interior Design
4,4,4,4,85,0,4,5,4,5,8,8,120,7,4,0,4,6,78,2,75,4,4,No,No,No,No,Yes,No,Yes,Technical,Yes,Yes,No,Upto 6 Lakh,Yes,Yes,Yes,Interior Design
5,4,4,3,82,0,4,6,4,4,8,8,125,8,2,0,5,5,71,4,67,4,5,Yes,Yes,Yes,No,No,Yes,Yes,Technical,Yes,Yes,No,Less than 50K,No,Yes,Yes,Interior Design
5,5,4,3,76,100,3,6,4,4,8,8,121,8,4,0,4,7,69,4,79,4,2,No,No,No,Yes,No,Yes,No,Ma0gement,Yes,No,Yes,Upto 1 Lakh,No,No,No,Interior Design
4,4,5,5,83,0,2,4,3,5,8,8,135,8,3,0,5,5,74,2,70,3,3,No,No,No,No,Yes,No,No,Technical,No,Yes,No,Upto 6 Lakh,No,No,Yes,Interior Design
3,3,3,4,83,0,2,6,5,3,7,7,122,7,2,0,5,5,72,4,79,3,3,No,No,No,No,No,Yes,Yes,Technical,Yes,Yes,No,Upto 6 Lakh,Yes,Yes,Yes,Interior Design
4,4,5,5,82,0,4,6,4,3,7,7,90,8,4,0,4,6,70,2,80,3,2,No,Yes,No,No,No,Yes,Yes,Ma0gement,Yes,No,Yes,Less than 50K,No,Yes,No,Interior Design
5,4,4,3,75,0,3,5,3,4,7,9,127,8,2,180,4,5,70,4,74,4,5,Yes,No,Yes,No,Yes,Yes,No,Technical,Yes,Yes,No,Upto 1 Lakh,No,No,Yes,Interior Design
3,4,3,5,78,0,4,4,3,4,7,9,130,7,4,0,4,6,80,4,70,3,3,No,No,No,No,No,No,No,Technical,No,Yes,No,Upto 6 Lakh,No,No,Yes,Interior Design
4,3,5,5,82,80,4,4,5,3,8,7,86,7,3,0,4,7,72,2,74,4,3,No,No,No,Yes,No,Yes,Yes,Ma0gement,Yes,Yes,Yes,Upto 6 Lakh,Yes,Yes,No,Interior Design
3,3,3,4,82,0,4,4,3,5,8,9,122,7,2,0,4,6,74,3,73,3,3,No,Yes,No,No,Yes,Yes,Yes,Technical,Yes,No,No,Less than 50K,No,Yes,Yes,Interior Design
4,5,3,3,85,0,4,5,3,5,7,9,108,7,3,0,5,7,75,4,69,3,3,No,No,No,No,No,No,No,Technical,Yes,Yes,No,Upto 1 Lakh,No,Yes,Yes,Interior Design
4,5,4,4,81,0,4,4,5,4,7,9,88,8,2,0,4,5,80,3,74,4,4,Yes,No,Yes,No,No,Yes,No,Ma0gement,No,Yes,No,Upto 6 Lakh,No,No,No,Interior Design
5,3,4,4,83,0,3,6,5,5,7,9,136,8,4,0,5,7,77,3,73,3,4,No,No,No,No,Yes,Yes,Yes,Technical,Maybe,No,No,Upto 6 Lakh,Yes,No,Yes,Interior Design
4,3,3,4,81,0,4,5,5,4,8,7,125,7,5,452,4,5,78,3,75,3,2,No,Yes,No,No,No,Yes,Yes,Technical,Yes,Yes,Yes,Less than 50K,No,Yes,Yes,Interior Design
5,3,4,3,83,0,3,4,4,4,8,8,97,7,5,0,4,5,69,2,74,3,2,No,No,No,Yes,No,No,No,Ma0gement,Yes,Yes,No,Upto 1 Lakh,No,Yes,No,Interior Design
3,5,5,3,85,0,2,5,5,5,7,9,98,7,3,0,5,6,73,2,79,4,3,No,No,No,No,Yes,Yes,No,Technical,No,No,No,Upto 6 Lakh,No,No,Yes,Interior Design
3,5,5,5,78,0,3,4,4,3,7,9,92,7,3,0,5,5,69,4,76,4,2,Yes,No,Yes,No,No,Yes,Yes,Technical,Yes,Yes,Yes,Upto 6 Lakh,Yes,No,Yes,Interior Design
5,4,5,3,77,0,2,5,5,4,7,9,86,7,2,0,4,5,70,2,67,4,4,No,Yes,No,No,No,No,Yes,Ma0gement,Yes,Yes,No,Less than 50K,No,Yes,No,Interior Design
5,4,4,5,85,0,3,5,3,5,7,8,138,7,4,0,5,7,76,4,67,3,5,No,No,No,No,Yes,Yes,No,Technical,Yes,No,No,Upto 1 Lakh,No,Yes,Yes,Interior Design
5,3,5,5,78,0,3,4,5,3,8,8,105,7,2,0,4,5,76,4,77,3,5,No,No,No,Yes,No,Yes,No,Technical,No,Yes,Yes,Upto 6 Lakh,No,No,Yes,Interior Design
3,5,3,4,76,0,2,4,3,4,7,9,126,7,3,200,5,6,70,2,80,4,3,No,No,No,No,No,Yes,Yes,Ma0gement,Yes,Yes,No,Upto 6 Lakh,Yes,No,No,Interior Design
5,3,3,4,78,0,4,4,5,3,8,8,115,8,2,0,4,7,76,3,80,3,4,Yes,Yes,Yes,No,Yes,No,Yes,Technical,Yes,Yes,No,Less than 50K,No,Yes,Yes,Interior Design
5,5,5,4,85,0,4,5,5,3,8,7,116,8,5,0,4,6,71,2,68,4,2,No,No,No,No,No,Yes,No,Technical,Yes,No,Yes,Upto 1 Lakh,No,Yes,Yes,Interior Design
5,4,4,3,84,0,4,4,5,5,8,7,114,8,2,0,5,7,77,2,73,4,5,No,No,No,No,No,Yes,No,Ma0gement,No,Yes,No,Upto 6 Lakh,No,Yes,No,Interior Design
5,4,3,4,84,0,2,4,5,3,7,9,97,8,2,0,5,6,72,3,74,3,2,No,No,No,No,Yes,No,Yes,Technical,Yes,Yes,No,Upto 6 Lakh,Yes,No,Yes,Interior Design
4,5,5,3,81,0,3,4,3,4,7,9,127,8,4,0,5,6,80,4,66,4,2,No,Yes,No,Yes,No,Yes,Yes,Technical,Yes,No,Yes,Less than 50K,No,No,Yes,Interior Design
4,5,5,5,76,0,2,6,5,4,8,7,120,7,2,0,4,6,78,3,78,4,5,Yes,No,Yes,No,No,Yes,No,Ma0gement,Yes,Yes,No,Upto 1 Lakh,No,Yes,No,Interior Design
3,4,4,5,82,75,2,5,5,5,8,8,107,7,5,350,4,5,75,2,67,3,2,No,No,No,No,Yes,Yes,No,Technical,No,Yes,No,Upto 6 Lakh,No,Yes,Yes,Interior Design
3,5,4,5,81,0,4,4,3,5,7,7,105,7,4,0,4,5,72,3,77,4,3,No,No,No,No,No,No,Yes,Technical,Yes,No,Yes,Upto 6 Lakh,Yes,No,Yes,Interior Design
3,3,5,3,85,0,4,5,3,3,7,7,137,8,4,0,5,6,80,3,73,3,3,No,Yes,No,No,No,Yes,Yes,Ma0gement,Yes,Yes,No,Less than 50K,No,No,No,Interior Design
3,4,4,4,76,0,4,6,4,5,7,7,133,7,2,0,5,7,68,4,79,4,4,No,No,No,No,Yes,Yes,No,Technical,Yes,Yes,No,Upto 1 Lakh,No,Yes,Yes,Interior Design
5,3,5,3,80,55,4,4,5,4,8,9,107,8,3,0,4,5,78,4,76,4,2,Yes,No,Yes,Yes,No,No,No,Technical,No,No,Yes,Upto 6 Lakh,No,Yes,Yes,Interior Design
5,3,5,5,78,0,2,5,3,3,8,7,134,7,5,0,5,6,76,2,70,3,2,No,No,No,No,No,Yes,Yes,Ma0gement,Yes,Yes,No,Upto 6 Lakh,Yes,No,No,Interior Design
5,5,3,4,82,0,2,5,4,3,7,7,138,7,2,0,5,7,77,4,75,4,4,No,Yes,No,No,Yes,Yes,Yes,Technical,Yes,Yes,No,Less than 50K,No,Yes,Yes,Interior Design
4,3,5,3,82,68,4,4,5,4,8,7,88,8,2,454,4,5,71,2,77,3,4,No,No,No,No,No,Yes,No,Technical,Yes,Yes,Yes,Upto 1 Lakh,No,No,Yes,Interior Design
4,5,5,4,81,0,4,5,4,4,7,9,124,7,4,0,4,5,75,3,67,4,3,No,No,No,No,No,No,No,Ma0gement,No,No,No,Upto 6 Lakh,No,No,No,Interior Design
5,3,4,4,80,0,4,4,5,5,7,8,128,7,3,0,4,6,79,4,77,3,3,Yes,No,Yes,Yes,Yes,Yes,Yes,Technical,Maybe,Yes,No,Upto 6 Lakh,Yes,Yes,Yes,Interior Design
4,3,5,4,75,0,3,6,3,3,7,8,135,7,5,0,4,7,72,3,74,4,3,No,Yes,No,No,No,Yes,Yes,Technical,Yes,Yes,Yes,Less than 50K,No,Yes,Yes,Interior Design
3,5,3,3,84,58,4,4,3,3,7,9,113,8,3,0,5,6,79,2,75,3,5,No,No,No,No,No,No,No,Ma0gement,Yes,No,No,Upto 1 Lakh,No,No,No,Interior Design
4,4,4,4,82,0,4,6,5,3,8,7,132,8,2,0,5,6,77,2,70,4,5,No,No,No,No,Yes,Yes,No,Technical,No,Yes,No,Upto 6 Lakh,No,No,Yes,Interior Design
5,3,5,5,78,0,3,4,3,4,7,8,128,8,3,0,4,5,70,4,74,4,5,No,No,No,No,No,Yes,Yes,Technical,Yes,Yes,Yes,Upto 6 Lakh,Yes,Yes,Yes,Interior Design
4,3,5,5,78,58,6,4,4,1,4,6,0,4,7,228,4,6,79,3,78,6,5,Yes,Yes,Yes,Yes,Yes,No,Yes,Ma0gement,Yes,Yes,Yes,Upto 6 Lakh,No,No,No,Pharmacy
4,5,5,6,79,0,7,5,3,0,5,5,74,2,8,223,4,5,80,1,72,5,5,No,Yes,Yes,No,Yes,Yes,No,Technical,Yes,Yes,Yes,Upto 6 Lakh,No,No,Yes,Pharmacy
4,4,5,5,77,0,5,4,3,1,5,5,64,5,7,0,4,7,71,1,79,5,6,No,Yes,No,Yes,Yes,Yes,No,Technical,No,Yes,Yes,Upto 6 Lakh,Yes,Yes,Yes,Pharmacy
5,3,4,6,82,59,7,6,3,1,3,6,0,3,8,159,5,7,73,3,76,5,6,No,Yes,No,No,No,No,Yes,Ma0gement,Yes,Yes,Yes,Upto 6 Lakh,Yes,No,No,Pharmacy
4,3,3,5,79,0,7,6,3,1,3,4,0,2,7,207,6,6,69,1,69,5,4,No,Yes,No,No,Yes,No,Yes,Technical,Yes,Yes,Yes,Upto 6 Lakh,No,No,Yes,Pharmacy
4,5,5,4,82,0,6,6,4,0,3,5,0,2,8,0,4,6,69,2,80,6,5,Yes,Yes,Yes,Yes,Yes,Yes,No,Technical,Yes,Yes,Yes,Upto 6 Lakh,No,Yes,Yes,Pharmacy
4,3,3,6,78,60,7,4,3,1,3,6,0,2,8,159,4,6,73,3,75,5,5,No,Yes,Yes,No,Yes,Yes,No,Ma0gement,No,Yes,Yes,Upto 6 Lakh,Yes,No,No,Pharmacy
4,3,3,5,77,0,7,5,3,0,5,5,0,5,8,0,4,6,72,1,66,5,5,No,Yes,No,Yes,No,No,Yes,Technical,Yes,Yes,Yes,Less than 50K,Yes,No,Yes,Pharmacy
4,4,3,4,76,0,5,4,4,1,4,5,0,4,7,0,5,5,80,2,73,5,5,No,Yes,No,No,Yes,No,Yes,Technical,Yes,Yes,Yes,Upto 1 Lakh,No,Yes,Yes,Pharmacy
4,3,3,4,82,61,7,4,3,1,3,6,30,4,8,182,4,5,71,2,65,5,6,No,No,No,No,Yes,Yes,No,Ma0gement,Yes,No,Yes,Upto 6 Lakh,No,No,No,Pharmacy
4,5,3,6,82,0,7,5,4,1,3,5,40,5,8,151,6,7,80,1,74,5,4,Yes,No,Yes,Yes,Yes,Yes,No,Technical,Maybe,No,No,Upto 6 Lakh,Yes,No,Yes,Pharmacy
3,5,4,4,83,0,6,4,4,0,4,5,33,3,8,0,6,6,74,3,77,6,6,No,Yes,Yes,No,No,No,Yes,Technical,Yes,Yes,Yes,Upto 6 Lakh,Yes,Yes,Yes,Pharmacy
5,4,4,4,78,62,7,5,4,1,3,4,66,5,8,113,5,5,79,2,80,6,6,No,Yes,No,Yes,Yes,No,Yes,Ma0gement,Yes,Yes,Yes,Upto 6 Lakh,No,No,No,Pharmacy
3,3,4,4,82,0,7,6,4,1,4,6,36,2,7,112,5,5,70,1,78,6,4,No,Yes,No,No,Yes,Yes,No,Technical,Yes,Yes,Yes,Upto 6 Lakh,No,No,Yes,Pharmacy
5,5,3,6,76,0,6,4,5,1,5,5,37,5,7,242,5,5,75,3,65,6,4,No,Yes,No,No,Yes,Yes,No,Technical,No,Yes,Yes,Upto 6 Lakh,Yes,Yes,Yes,Pharmacy
4,3,4,4,82,63,5,6,4,0,4,6,30,5,8,204,5,7,79,3,71,6,6,Yes,Yes,Yes,Yes,No,No,Yes,Ma0gement,Yes,Yes,Yes,Upto 6 Lakh,Yes,No,No,Pharmacy
5,5,5,5,83,0,7,5,4,1,5,6,0,2,8,207,4,5,76,1,67,6,6,No,Yes,Yes,No,Yes,No,Yes,Technical,Yes,Yes,Yes,Less than 50K,No,No,Yes,Pharmacy
5,4,3,5,76,0,7,4,3,1,4,6,0,2,8,0,5,7,72,1,71,6,5,No,Yes,No,Yes,Yes,Yes,No,Technical,Yes,Yes,Yes,Upto 1 Lakh,No,No,Yes,Pharmacy
5,4,3,6,77,64,5,5,5,0,4,5,0,2,7,108,6,7,73,2,80,6,6,No,Yes,No,No,Yes,Yes,No,Ma0gement,No,Yes,Yes,Upto 6 Lakh,Yes,Yes,No,Pharmacy
5,5,5,5,76,0,6,5,4,0,3,5,0,2,7,173,5,7,70,3,71,6,5,No,Yes,No,No,No,No,Yes,Technical,Maybe,Yes,Yes,Upto 6 Lakh,Yes,No,Yes,Pharmacy
4,3,3,6,75,0,6,6,5,1,4,6,0,3,8,148,5,6,71,3,65,5,4,Yes,No,Yes,Yes,Yes,No,Yes,Technical,Yes,No,Yes,Upto 6 Lakh,No,No,Yes,Pharmacy
3,4,5,4,80,65,5,4,3,1,4,4,0,2,8,0,5,7,77,2,65,5,5,No,No,Yes,No,Yes,Yes,No,Ma0gement,Yes,No,No,Upto 6 Lakh,No,Yes,No,Pharmacy
5,5,3,6,76,0,7,4,5,0,3,6,0,2,8,131,4,6,72,3,65,6,5,No,Yes,No,Yes,Yes,Yes,No,Technical,No,Yes,Yes,Upto 6 Lakh,Yes,No,Yes,Pharmacy
3,4,3,5,79,0,5,5,3,1,3,6,0,2,8,178,4,6,72,2,69,5,6,No,Yes,No,No,No,No,Yes,Technical,Yes,Yes,Yes,Upto 6 Lakh,Yes,No,Yes,Pharmacy
4,3,5,6,78,66,7,5,3,1,5,4,0,2,7,115,4,5,72,1,74,5,4,No,Yes,No,No,Yes,No,Yes,Ma0gement,Yes,Yes,Yes,Upto 6 Lakh,No,Yes,No,Pharmacy
4,5,5,6,83,0,6,5,3,0,5,4,0,5,8,185,6,7,71,2,80,5,5,Yes,Yes,Yes,Yes,Yes,Yes,No,Technical,Yes,Yes,Yes,Less than 50K,No,No,Yes,Pharmacy
4,5,5,6,77,0,7,5,4,0,4,4,0,3,8,0,5,5,73,3,72,6,5,No,Yes,Yes,No,Yes,Yes,No,Technical,No,Yes,Yes,Upto 1 Lakh,Yes,No,Yes,Pharmacy
4,4,5,4,80,67,6,6,5,1,5,6,52,3,8,100,6,7,77,1,70,5,5,No,Yes,No,Yes,No,No,Yes,Ma0gement,Yes,Yes,Yes,Upto 6 Lakh,Yes,Yes,No,Pharmacy
4,4,4,4,81,0,5,5,5,0,5,4,43,3,7,140,4,7,79,3,66,6,5,No,Yes,No,No,Yes,No,Yes,Technical,Yes,Yes,Yes,Upto 6 Lakh,No,No,Yes,Pharmacy
5,4,4,5,84,0,6,4,5,0,5,6,61,3,7,214,6,6,68,2,80,6,6,No,Yes,No,No,Yes,Yes,No,Technical,Yes,Yes,Yes,Upto 6 Lakh,No,No,Yes,Pharmacy
5,5,3,6,77,68,5,6,3,0,3,4,0,5,8,0,4,5,73,2,73,5,5,Yes,Yes,Yes,Yes,Yes,Yes,No,Ma0gement,No,Yes,Yes,Upto 6 Lakh,Yes,Yes,No,Pharmacy
3,4,4,6,77,0,7,4,4,0,5,5,0,3,8,117,6,6,76,1,80,6,4,No,No,Yes,No,No,No,Yes,Technical,Yes,No,Yes,Upto 6 Lakh,Yes,No,Yes,Pharmacy
4,3,5,4,82,0,7,6,5,0,3,5,0,5,7,226,5,5,73,2,72,5,6,No,No,No,Yes,Yes,No,Yes,Technical,Yes,No,Yes,Upto 6 Lakh,No,No,Yes,Pharmacy
3,5,5,6,78,69,6,5,4,0,5,5,0,3,7,218,4,5,80,2,66,6,6,No,Yes,No,No,Yes,Yes,No,Ma0gement,Yes,Yes,Yes,Upto 6 Lakh,No,No,No,Pharmacy
4,3,5,4,81,0,6,6,3,0,3,6,0,3,8,0,6,7,73,3,69,6,6,No,Yes,No,No,Yes,Yes,No,Technical,No,Yes,No,Less than 50K,Yes,Yes,Yes,Pharmacy
4,3,4,5,83,0,5,6,5,0,5,6,0,4,7,0,6,7,68,1,80,5,4,Yes,Yes,Yes,Yes,No,No,Yes,Technical,Yes,Yes,Yes,Upto 1 Lakh,Yes,No,Yes,Pharmacy
5,5,5,4,75,70,6,6,4,1,5,6,0,4,8,198,4,6,72,3,67,5,6,No,Yes,Yes,No,Yes,No,Yes,Ma0gement,Yes,Yes,Yes,Upto 6 Lakh,No,No,No,Pharmacy
3,4,5,5,75,0,5,5,5,1,4,6,0,2,8,221,6,6,80,3,68,6,5,No,Yes,No,Yes,Yes,Yes,No,Technical,Yes,Yes,Yes,Upto 6 Lakh,No,Yes,Yes,Pharmacy
3,3,3,5,80,0,5,6,5,0,3,4,0,2,8,214,6,7,75,1,74,6,4,No,Yes,No,No,Yes,Yes,No,Technical,No,Yes,Yes,Upto 6 Lakh,Yes,No,Yes,Pharmacy
5,3,3,4,79,71,6,6,5,0,5,5,0,3,7,0,4,7,74,3,71,6,4,No,Yes,No,No,No,No,Yes,Ma0gement,Yes,Yes,Yes,Upto 6 Lakh,Yes,No,No,Pharmacy
4,3,3,5,78,0,6,5,3,1,4,6,0,3,7,145,5,6,76,3,78,6,5,Yes,Yes,Yes,Yes,Yes,No,Yes,Technical,Yes,Yes,Yes,Upto 6 Lakh,No,Yes,Yes,Pharmacy
5,3,3,5,79,0,5,5,4,1,4,4,0,4,7,220,4,6,77,3,69,5,5,No,Yes,Yes,No,Yes,Yes,No,Technical,Yes,Yes,Yes,Upto 6 Lakh,No,No,Yes,Pharmacy
4,5,5,6,79,72,5,4,5,1,3,6,0,5,7,0,4,6,72,3,78,5,6,No,No,No,Yes,Yes,Yes,No,Ma0gement,No,No,Yes,Upto 6 Lakh,Yes,No,No,Pharmacy
3,5,4,4,85,0,6,4,5,0,5,4,0,3,8,154,4,5,76,1,73,5,5,No,No,No,No,No,No,Yes,Technical,Yes,No,Yes,Less than 50K,Yes,Yes,Yes,Pharmacy
3,4,5,4,83,0,5,4,5,0,5,6,32,3,8,100,6,7,80,1,71,5,5,No,Yes,No,No,Yes,No,Yes,Technical,Yes,Yes,Yes,Upto 1 Lakh,No,No,Yes,Pharmacy
3,4,3,5,79,73,6,5,4,1,4,4,55,3,7,155,6,6,78,3,76,5,5,Yes,Yes,Yes,Yes,Yes,Yes,No,Ma0gement,Yes,Yes,No,Upto 6 Lakh,No,No,No,Pharmacy
3,4,3,6,84,0,5,4,5,0,5,4,63,2,8,193,6,7,76,3,66,5,4,No,Yes,Yes,No,Yes,Yes,No,Technical,No,Yes,Yes,Upto 6 Lakh,Yes,Yes,Yes,Pharmacy
4,4,5,5,80,0,5,5,4,0,3,6,56,3,7,0,5,7,79,2,80,6,4,No,Yes,No,Yes,No,No,Yes,Technical,Yes,Yes,Yes,Upto 6 Lakh,Yes,No,Yes,Pharmacy
5,5,4,4,75,74,5,5,3,1,5,5,0,2,8,168,4,7,76,1,78,6,6,No,Yes,No,No,Yes,No,Yes,Ma0gement,Yes,Yes,Yes,Upto 6 Lakh,No,No,No,Pharmacy
4,5,4,4,76,0,7,4,3,0,3,6,0,3,8,245,5,7,80,2,70,6,5,No,Yes,No,No,Yes,Yes,No,Technical,Yes,Yes,Yes,Upto 6 Lakh,No,No,Yes,Pharmacy
4,3,4,6,76,0,6,5,5,0,5,6,0,3,8,149,5,7,73,2,65,6,6,Yes,Yes,Yes,Yes,Yes,Yes,No,Technical,No,Yes,Yes,Upto 6 Lakh,Yes,Yes,Yes,Pharmacy
4,3,4,5,83,75,6,6,4,0,3,6,0,5,7,240,6,6,70,2,65,5,6,No,Yes,Yes,No,No,No,Yes,Ma0gement,Yes,Yes,Yes,Upto 6 Lakh,Yes,No,No,Pharmacy
5,3,4,4,76,0,5,5,5,1,3,6,0,5,8,219,6,6,73,3,78,6,4,No,Yes,No,Yes,Yes,No,Yes,Technical,Yes,Yes,Yes,Less than 50K,No,No,Yes,Pharmacy
5,4,5,5,76,0,6,6,4,0,4,5,0,2,7,244,6,7,72,2,69,6,5,No,No,No,No,Yes,Yes,No,Technical,Maybe,No,Yes,Upto 1 Lakh,No,Yes,Yes,Pharmacy
5,3,5,4,75,76,7,5,5,1,4,4,0,4,7,245,5,6,78,1,70,5,4,No,No,No,No,Yes,Yes,No,Ma0gement,No,No,Yes,Upto 6 Lakh,Yes,No,No,Pharmacy
5,4,5,5,84,0,7,6,3,1,5,5,0,5,7,0,4,6,71,2,73,6,4,Yes,Yes,Yes,Yes,No,No,Yes,Technical,Yes,Yes,Yes,Upto 6 Lakh,Yes,No,Yes,Pharmacy
3,5,5,5,83,0,5,6,4,1,4,4,0,4,8,137,6,6,73,2,66,6,5,No,Yes,Yes,No,Yes,No,Yes,Technical,Yes,Yes,Yes,Upto 6 Lakh,No,Yes,Yes,Pharmacy
3,4,4,4,83,77,7,4,3,0,4,6,0,2,7,237,4,5,75,1,80,6,5,No,Yes,No,Yes,Yes,Yes,No,Ma0gement,Yes,Yes,Yes,Upto 6 Lakh,No,No,No,Pharmacy
5,4,3,6,77,0,6,5,3,1,5,4,0,2,8,217,5,6,76,1,73,6,4,No,Yes,No,No,Yes,Yes,No,Technical,No,Yes,No,Upto 6 Lakh,Yes,No,Yes,Pharmacy
3,5,4,5,76,0,4,6,5,0,4,6,0,4,5,0,8,6,73,3,66,6,4,Yes,Yes,No,No,No,No,Yes,Technical,Yes,Yes,No,Less than 50K,Yes,Yes,Yes,BSC
3,4,5,3,82,78,2,4,3,0,5,5,0,2,4,0,7,6,70,2,67,6,4,Yes,No,Yes,Yes,Yes,No,No,Ma0gement,Yes,Yes,No,Less than 50K,Yes,No,No,BSC
5,3,5,4,81,0,3,6,3,0,4,5,0,4,4,0,7,5,76,2,79,6,3,Yes,No,Yes,No,Yes,Yes,No,Technical,Yes,No,Yes,Less than 50K,Yes,No,Yes,BSC
4,4,5,3,75,0,2,4,4,0,5,4,0,2,4,0,7,6,74,2,74,6,4,Yes,No,No,Yes,No,Yes,Yes,Technical,No,Yes,No,Less than 50K,Yes,Yes,Yes,BSC
4,4,5,5,85,79,3,4,5,0,4,4,0,3,4,150,8,6,72,1,67,5,3,Yes,Yes,No,No,Yes,No,No,Ma0gement,Yes,Yes,No,Less than 50K,Yes,No,No,BSC
3,4,4,3,77,0,4,4,4,1,4,4,0,5,2,0,7,7,73,2,80,6,2,Yes,No,No,No,Yes,No,No,Technical,Yes,No,Yes,Less than 50K,Yes,No,Yes,BSC
5,3,4,3,81,0,3,4,4,0,3,6,0,3,4,0,8,5,77,3,78,5,4,Yes,No,Yes,Yes,No,Yes,Yes,Technical,Yes,Yes,No,Upto 1 Lakh,Yes,No,Yes,BSC
4,4,4,4,76,80,4,6,5,0,5,4,0,4,3,0,7,7,78,1,68,5,2,Yes,No,Yes,No,Yes,Yes,No,Ma0gement,No,Yes,No,Upto 1 Lakh,Yes,Yes,No,BSC
4,3,3,3,83,0,3,6,5,1,5,5,0,4,2,0,7,7,80,2,75,5,4,Yes,Yes,No,Yes,Yes,No,No,Technical,Yes,No,Yes,Upto 1 Lakh,No,No,Yes,BSC
4,4,4,3,76,0,3,5,3,0,3,4,0,2,4,0,7,7,76,2,75,4,2,No,No,No,No,No,No,Yes,Technical,Yes,Yes,No,Upto 1 Lakh,No,No,Yes,BSC
3,4,4,5,79,81,3,5,4,1,3,6,0,4,3,100,8,6,75,1,68,5,3,No,No,No,No,Yes,Yes,No,Ma0gement,Yes,Yes,No,Upto 6 Lakh,Yes,Yes,No,BSC
3,4,3,3,85,0,4,6,4,0,5,6,0,2,4,0,8,5,73,1,70,3,2,Yes,No,Yes,Yes,Yes,Yes,No,Technical,No,No,Yes,Less than 50K,Yes,No,Yes,BSC
4,5,4,4,81,0,3,5,4,1,3,4,0,2,4,0,7,5,73,2,68,4,2,Yes,Yes,Yes,No,No,No,Yes,Technical,Yes,Yes,No,Less than 50K,Yes,No,Yes,BSC
3,3,5,5,78,82,3,5,4,0,3,5,0,2,3,0,7,5,70,3,66,4,3,Yes,No,No,Yes,Yes,No,No,Ma0gement,Yes,Yes,No,Less than 50K,Yes,Yes,No,BSC
5,5,4,3,78,0,4,6,4,0,3,5,0,2,4,0,8,7,77,1,78,4,4,Yes,No,No,No,Yes,Yes,No,Technical,Yes,No,Yes,Less than 50K,Yes,No,Yes,BSC
5,4,4,4,85,0,4,6,4,1,4,5,0,4,4,0,8,5,71,2,72,5,3,Yes,No,No,No,No,Yes,Yes,Technical,No,Yes,No,Less than 50K,Yes,No,Yes,BSC
5,5,5,3,81,83,4,4,5,0,5,4,0,5,3,0,7,5,78,3,74,5,2,Yes,Yes,Yes,Yes,Yes,No,No,Ma0gement,Yes,Yes,No,Less than 50K,Yes,Yes,No,BSC
3,5,3,4,75,0,3,4,4,0,4,4,0,4,3,0,8,5,77,1,77,5,3,Yes,No,No,No,Yes,No,No,Technical,Maybe,No,Yes,Upto 1 Lakh,Yes,No,Yes,BSC
5,4,3,4,82,0,2,6,3,0,5,6,30,4,3,0,8,7,69,1,74,3,4,Yes,No,No,Yes,No,Yes,Yes,Technical,Yes,Yes,No,Upto 1 Lakh,No,No,Yes,BSC
3,3,4,5,83,84,3,5,5,0,5,6,0,2,2,0,8,5,72,1,66,3,4,Yes,Yes,Yes,No,Yes,Yes,No,Ma0gement,No,Yes,No,Upto 1 Lakh,No,Yes,No,BSC
4,5,5,3,77,0,4,5,3,0,4,5,0,2,4,95,7,6,75,2,69,4,2,No,No,No,No,Yes,No,No,Technical,Yes,No,Yes,Upto 1 Lakh,Yes,No,Yes,BSC
4,4,3,5,82,0,3,6,4,0,5,5,0,4,4,0,7,6,72,3,76,5,2,No,No,No,Yes,No,No,Yes,Technical,Yes,Yes,No,Upto 6 Lakh,Yes,No,Yes,BSC
4,5,3,4,80,85,4,4,4,1,5,4,0,5,5,0,7,5,71,1,66,5,2,Yes,No,Yes,No,Yes,Yes,No,Ma0gement,Yes,Yes,No,Less than 50K,Yes,No,No,BSC
3,4,4,5,84,0,2,6,5,0,4,5,0,5,3,0,8,5,74,1,78,4,2,Yes,Yes,No,Yes,Yes,Yes,No,Technical,No,No,Yes,Less than 50K,Yes,Yes,Yes,BSC
4,5,4,5,85,0,4,4,3,1,4,6,0,4,2,0,7,7,79,1,80,3,3,Yes,No,No,No,No,No,Yes,Technical,Yes,Yes,No,Less than 50K,Yes,No,Yes,BSC
4,5,3,5,80,86,2,5,5,1,4,5,0,3,5,0,7,7,73,3,77,5,2,Yes,No,Yes,No,Yes,No,No,Ma0gement,Yes,Yes,No,Less than 50K,Yes,No,No,BSC
4,5,4,3,77,0,2,5,3,0,4,5,0,5,4,0,7,5,68,2,69,4,2,Yes,No,No,Yes,Yes,Yes,No,Technical,Yes,No,Yes,Less than 50K,Yes,Yes,Yes,BSC
3,5,4,4,85,0,4,5,4,0,5,4,0,4,3,0,7,6,72,3,71,4,3,Yes,Yes,No,No,No,Yes,Yes,Technical,No,Yes,No,Less than 50K,Yes,No,Yes,BSC
4,3,3,4,85,87,4,6,4,0,3,4,45,5,2,0,7,6,71,2,77,4,4,Yes,No,Yes,Yes,Yes,No,No,Ma0gement,Yes,Yes,No,Upto 1 Lakh,No,No,No,BSC
4,4,4,4,78,0,4,5,5,1,5,6,0,4,4,0,8,6,72,1,72,3,2,Yes,No,No,No,Yes,No,No,Technical,Yes,No,Yes,Upto 1 Lakh,No,Yes,Yes,BSC
3,3,5,4,81,0,4,5,5,1,4,5,0,2,3,0,7,6,69,3,78,4,2,Yes,No,No,No,No,Yes,Yes,Technical,Yes,Yes,No,Upto 1 Lakh,Yes,No,Yes,BSC
3,4,3,4,80,88,3,6,5,1,4,5,0,4,5,0,8,6,69,2,72,3,2,No,Yes,Yes,Yes,Yes,Yes,No,Ma0gement,No,Yes,No,Upto 1 Lakh,Yes,No,No,BSC
3,4,3,5,76,0,4,4,5,1,3,5,0,2,4,0,8,7,68,1,80,5,2,No,No,No,No,Yes,No,No,Technical,Yes,No,Yes,Upto 6 Lakh,Yes,Yes,Yes,BSC
4,3,4,3,76,0,3,4,4,0,5,6,0,2,4,0,8,7,74,1,75,3,3,Yes,No,No,Yes,No,No,Yes,Technical,Yes,Yes,No,Less than 50K,Yes,No,Yes,BSC
5,5,4,4,77,89,3,4,5,1,3,5,0,2,3,0,7,6,69,1,67,5,3,Yes,No,Yes,No,Yes,Yes,No,Ma0gement,Yes,Yes,No,Less than 50K,Yes,No,No,BSC
5,5,3,5,81,0,2,6,5,1,3,4,0,5,2,0,7,5,69,3,79,4,2,Yes,Yes,No,No,Yes,Yes,No,Technical,No,No,Yes,Less than 50K,Yes,Yes,Yes,BSC
5,5,4,4,81,0,4,6,3,0,4,5,0,2,5,0,8,5,76,2,65,3,4,Yes,No,No,Yes,No,No,Yes,Technical,Yes,Yes,No,Less than 50K,Yes,No,Yes,BSC
4,3,5,4,84,90,2,4,3,1,5,5,0,3,3,0,8,5,72,2,66,3,4,Yes,No,Yes,No,Yes,No,No,Ma0gement,Yes,Yes,No,Less than 50K,Yes,No,No,BSC
4,3,4,5,83,0,4,6,3,1,4,6,0,5,3,0,7,6,69,2,77,5,4,Yes,Yes,No,Yes,Yes,Yes,No,Technical,Yes,No,Yes,Less than 50K,No,No,Yes,BSC
5,5,3,3,77,0,3,4,5,1,4,6,0,5,3,0,7,7,75,1,75,4,4,Yes,No,No,No,No,Yes,Yes,Technical,No,Yes,No,Upto 1 Lakh,No,Yes,Yes,BSC
5,3,3,3,85,91,3,4,3,1,4,5,0,5,3,0,7,7,69,1,80,5,3,Yes,No,Yes,No,Yes,No,No,Ma0gement,Yes,Yes,No,Upto 1 Lakh,Yes,No,No,BSC
5,3,4,5,79,0,2,5,3,1,3,5,0,5,2,135,8,5,72,3,65,3,2,Yes,No,No,Yes,Yes,No,No,Technical,Maybe,No,Yes,Upto 1 Lakh,Yes,No,Yes,BSC
5,5,3,5,78,0,4,5,5,0,3,5,0,4,3,0,8,6,72,3,68,3,2,No,Yes,No,No,No,Yes,Yes,Technical,Yes,Yes,No,Upto 1 Lakh,Yes,Yes,Yes,BSC
4,5,3,3,84,92,3,6,3,0,4,4,0,2,5,0,7,6,71,3,77,3,3,No,No,Yes,Yes,Yes,Yes,No,Ma0gement,No,Yes,No,Upto 6 Lakh,Yes,No,No,BSC
3,4,4,4,85,0,4,4,4,1,5,4,0,5,2,0,8,7,78,3,74,3,3,Yes,No,No,No,Yes,No,No,Technical,Yes,No,Yes,Less than 50K,Yes,No,Yes,BSC
5,4,5,4,85,0,2,5,5,1,4,4,0,4,4,0,8,7,69,1,76,3,3,Yes,No,No,No,No,No,Yes,Technical,Yes,Yes,No,Less than 50K,Yes,Yes,Yes,BSC
3,4,5,5,76,93,4,4,4,0,4,5,0,2,2,0,8,5,68,3,72,4,2,Yes,Yes,Yes,Yes,Yes,Yes,No,Ma0gement,Yes,Yes,No,Less than 50K,Yes,No,No,BSC
5,3,3,3,83,0,4,5,4,0,3,6,0,5,2,0,8,7,76,1,77,5,2,Yes,No,No,No,Yes,Yes,No,Technical,No,No,Yes,Less than 50K,Yes,No,Yes,BSC
3,5,3,5,85,0,4,5,3,0,5,4,0,4,4,0,8,7,80,3,77,5,2,Yes,No,No,Yes,No,No,Yes,Technical,Yes,Yes,No,Less than 50K,No,Yes,Yes,BSC
3,5,4,3,85,94,3,4,4,0,5,4,0,5,5,0,8,6,80,3,68,5,4,Yes,No,Yes,No,Yes,No,No,Ma0gement,Yes,Yes,No,Less than 50K,No,No,No,BSC
5,3,4,3,78,0,3,5,4,1,4,5,0,2,5,0,8,6,73,3,72,3,4,Yes,Yes,No,No,Yes,Yes,No,Technical,Yes,No,Yes,Upto 1 Lakh,Yes,No,Yes,BSC
4,4,3,4,76,0,4,6,4,0,5,6,0,3,3,0,8,6,80,3,77,4,2,Yes,No,No,Yes,No,Yes,Yes,Technical,No,Yes,No,Upto 1 Lakh,Yes,Yes,Yes,BSC
3,3,4,3,82,95,4,5,5,0,4,6,0,3,4,0,7,5,78,3,69,3,2,Yes,No,Yes,No,Yes,No,No,Ma0gement,Yes,Yes,No,Upto 1 Lakh,Yes,No,No,BSC
5,4,4,4,76,0,2,6,4,0,5,4,0,2,3,0,7,6,68,2,68,3,4,No,No,No,Yes,Yes,No,No,Technical,Yes,No,Yes,Upto 1 Lakh,Yes,No,Yes,BSC
3,3,4,3,81,0,4,5,5,0,5,4,50,4,4,0,7,7,69,2,75,4,2,No,Yes,No,No,No,Yes,Yes,Technical,Maybe,Yes,No,Upto 6 Lakh,Yes,No,Yes,BSC
4,4,3,3,84,96,2,4,4,0,4,5,0,3,2,0,8,7,70,3,77,4,3,Yes,No,Yes,No,Yes,Yes,No,Ma0gement,No,Yes,No,Less than 50K,Yes,Yes,No,BSC
3,5,5,3,79,0,4,6,3,1,5,5,60,4,3,0,7,6,68,2,76,5,4,Yes,No,No,Yes,Yes,No,No,Technical,Yes,No,Yes,Less than 50K,Yes,No,Yes,BSC
5,3,3,4,85,0,2,5,5,1,4,5,0,4,2,0,7,5,76,2,66,3,3,Yes,Yes,No,No,No,No,Yes,Technical,Yes,Yes,No,Less than 50K,Yes,No,Yes,BSC
3,4,5,4,85,97,2,6,5,0,5,4,0,3,3,0,6,6,78,1,77,5,3,Yes,No,Yes,Yes,Yes,Yes,No,Ma0gement,Yes,Yes,No,Less than 50K,No,Yes,No,BSC
3,4,3,3,84,0,3,6,3,1,4,5,0,4,4,150,5,5,72,7,84,5,3,No,No,No,No,Yes,Yes,Yes,Technical,No,No,Yes,Upto 1 Lakh,No,No,Yes,BCS/BCA
5,5,5,5,81,0,3,5,4,0,4,6,0,2,5,0,6,7,66,8,81,4,3,No,No,No,No,No,No,Yes,Technical,Yes,Yes,No,Upto 6 Lakh,No,No,Yes,BCS/BCA
3,5,5,5,79,98,3,4,5,1,5,6,0,4,2,0,4,6,74,8,70,3,2,Yes,Yes,No,No,Yes,Yes,Yes,Technical,Yes,Yes,No,Less than 50K,Yes,Yes,No,BCS/BCA
4,4,4,4,84,0,4,4,3,0,4,5,0,2,4,0,4,7,82,8,70,5,3,No,No,No,No,No,No,Yes,Technical,Yes,No,Yes,Upto 1 Lakh,Yes,No,Yes,BCS/BCA
5,5,3,5,85,0,4,4,5,0,5,5,0,2,4,0,6,7,63,7,79,5,4,No,No,No,No,Yes,Yes,Yes,Technical,No,Yes,No,Upto 1 Lakh,No,No,Yes,BCS/BCA
5,5,5,3,77,99,4,6,5,1,3,5,0,2,3,0,6,5,68,7,78,3,4,No,No,No,No,No,No,Yes,Technical,Yes,Yes,No,Upto 1 Lakh,No,Yes,No,BCS/BCA
5,5,3,3,82,0,2,6,4,0,4,5,0,5,2,75,4,5,83,7,73,3,2,No,Yes,No,No,Yes,Yes,Yes,Ma0gement,Yes,No,Yes,Upto 1 Lakh,No,No,Yes,BCS/BCA
5,5,3,3,83,0,4,4,5,1,5,5,0,5,5,250,6,6,83,7,73,3,3,Yes,No,Yes,Yes,No,No,Yes,Ma0gement,Yes,Yes,No,Upto 1 Lakh,Yes,No,Yes,BCS/BCA
4,4,5,3,76,100,4,5,4,1,3,4,0,4,3,151,4,5,71,8,71,3,4,No,No,No,No,Yes,Yes,Yes,Ma0gement,No,Yes,No,Upto 1 Lakh,Yes,Yes,No,BCS/BCA
3,5,5,4,85,0,3,4,4,1,3,5,0,5,2,0,5,7,74,7,72,3,4,No,No,No,No,No,No,No,Ma0gement,Yes,No,Yes,Upto 6 Lakh,No,No,Yes,BCS/BCA
5,5,5,5,79,0,4,6,5,0,4,4,0,2,4,0,6,7,60,7,74,3,3,No,Yes,No,No,Yes,Yes,No,Technical,Yes,Yes,No,Less than 50K,No,No,Yes,BCS/BCA
3,3,4,5,75,101,3,4,5,0,3,4,0,4,2,0,6,7,71,8,81,4,4,No,No,No,No,No,No,Yes,Technical,Yes,Yes,No,Upto 1 Lakh,No,No,No,BCS/BCA
3,4,3,5,75,0,4,4,4,1,4,6,0,2,3,0,5,5,75,7,90,5,4,Yes,No,No,No,Yes,Yes,Yes,Technical,No,No,Yes,Upto 1 Lakh,Yes,Yes,Yes,BCS/BCA
4,3,5,5,83,0,4,6,4,1,5,4,0,2,2,0,4,6,68,7,79,4,4,No,No,No,No,No,No,Yes,Technical,Yes,Yes,No,Upto 1 Lakh,Yes,No,Yes,BCS/BCA
3,3,5,5,76,102,2,4,3,1,4,5,0,5,5,125,4,5,69,7,88,3,3,No,Yes,No,No,Yes,Yes,Yes,Technical,Yes,Yes,No,Upto 1 Lakh,No,No,No,BCS/BCA
3,5,4,5,82,0,2,6,4,0,5,6,0,2,2,100,5,6,72,7,86,4,2,No,No,No,Yes,No,No,Yes,Technical,Yes,No,Yes,Upto 1 Lakh,No,Yes,Yes,BCS/BCA
3,4,3,5,76,0,4,6,4,1,3,6,0,3,3,152,6,5,80,7,75,5,2,No,No,No,No,Yes,Yes,Yes,Ma0gement,No,Yes,No,Upto 1 Lakh,No,No,Yes,BCS/BCA
5,4,4,5,78,103,3,4,5,0,3,5,0,2,2,0,4,6,66,7,89,5,2,Yes,Yes,No,No,No,No,Yes,Ma0gement,Yes,Yes,No,Upto 6 Lakh,Yes,No,No,BCS/BCA
4,3,3,3,82,0,2,4,5,1,3,6,0,5,2,0,4,7,80,8,90,3,2,No,No,Yes,No,Yes,Yes,Yes,Technical,Yes,No,Yes,Less than 50K,Yes,Yes,Yes,BCS/BCA
3,5,3,5,83,0,3,4,4,1,4,6,0,2,5,0,5,7,74,8,81,4,3,No,No,No,No,No,No,Yes,Technical,Yes,Yes,No,Upto 1 Lakh,No,No,Yes,BCS/BCA
5,5,3,3,84,104,2,6,3,0,3,5,0,5,3,0,6,6,75,8,84,4,3,No,No,No,No,Yes,Yes,No,Technical,No,Yes,No,Upto 1 Lakh,No,No,No,BCS/BCA
4,3,4,4,79,0,2,6,4,1,4,4,0,2,3,0,4,6,73,7,77,4,2,No,Yes,No,No,No,No,No,Technical,Yes,No,Yes,Upto 1 Lakh,No,Yes,Yes,BCS/BCA
4,4,3,4,80,0,2,5,3,0,5,4,0,4,4,0,4,5,73,8,73,4,4,Yes,No,No,No,Yes,Yes,Yes,Technical,Yes,Yes,No,Upto 1 Lakh,Yes,No,Yes,BCS/BCA
4,3,5,4,77,105,3,6,4,1,5,4,80,5,4,0,5,7,71,7,87,5,4,No,No,No,Yes,No,No,Yes,Technical,Yes,Yes,No,Upto 1 Lakh,Yes,No,No,BCS/BCA
4,3,3,5,83,0,3,6,3,1,5,4,0,2,2,0,4,6,80,7,78,3,2,No,No,No,No,Yes,Yes,Yes,Ma0gement,No,No,Yes,Upto 1 Lakh,No,Yes,Yes,BCS/BCA
3,4,4,3,77,0,2,4,3,0,4,6,0,3,3,0,5,5,81,8,81,4,4,No,Yes,No,No,No,No,Yes,Ma0gement,Yes,Yes,No,Upto 6 Lakh,No,No,Yes,BCS/BCA
5,4,5,5,75,75,2,4,4,0,3,5,0,5,4,0,4,6,70,8,76,4,2,No,No,No,No,Yes,Yes,Yes,Ma0gement,Yes,Yes,No,Less than 50K,No,No,No,BCS/BCA
4,3,3,4,83,0,4,4,5,0,4,5,0,4,4,0,5,7,74,8,88,5,3,Yes,No,No,No,No,No,Yes,Ma0gement,Yes,No,Yes,Upto 1 Lakh,Yes,No,Yes,BCS/BCA
5,4,3,5,79,0,4,5,5,1,4,5,0,4,2,0,5,7,75,7,89,5,2,No,No,No,No,Yes,Yes,Yes,Technical,No,Yes,No,Upto 1 Lakh,Yes,Yes,Yes,BCS/BCA
3,3,4,4,81,107,4,5,4,0,4,5,0,5,2,0,6,5,82,7,86,4,2,No,Yes,Yes,No,No,No,Yes,Technical,Yes,Yes,No,Upto 1 Lakh,No,No,No,BCS/BCA
4,4,3,3,76,0,3,4,4,0,5,5,0,3,5,0,5,7,68,8,79,3,2,No,No,No,No,Yes,Yes,Yes,Technical,Yes,No,Yes,Upto 1 Lakh,No,No,Yes,BCS/BCA
3,5,5,5,80,0,2,6,5,0,5,5,0,4,4,0,4,5,72,8,85,5,4,No,No,No,Yes,No,No,No,Technical,Yes,Yes,No,Upto 1 Lakh,No,Yes,Yes,BCS/BCA
5,3,5,5,80,108,2,4,5,1,4,5,0,5,5,0,4,6,64,8,75,3,3,Yes,No,No,No,Yes,Yes,No,Technical,No,Yes,No,Upto 1 Lakh,Yes,No,No,BCS/BCA
4,4,3,5,79,0,3,6,5,1,3,6,0,4,3,0,4,6,78,8,72,5,3,No,Yes,No,No,No,No,Yes,Technical,Yes,No,Yes,Upto 6 Lakh,Yes,No,Yes,BCS/BCA
4,3,5,4,75,0,4,5,5,0,5,6,0,2,2,0,6,6,68,8,88,4,3,No,No,No,No,Yes,Yes,Yes,Ma0gement,Yes,Yes,No,Less than 50K,No,Yes,Yes,BCS/BCA
3,5,4,4,85,109,4,5,3,1,3,6,0,2,4,0,6,7,76,8,77,4,3,No,No,No,No,No,No,Yes,Ma0gement,Yes,Yes,No,Upto 1 Lakh,No,No,No,BCS/BCA
3,4,5,4,83,0,3,5,4,1,3,4,0,5,3,0,6,6,64,7,81,5,2,No,Yes,No,No,Yes,Yes,Yes,Technical,No,No,Yes,Upto 1 Lakh,No,No,Yes,BCS/BCA
4,3,5,5,80,0,3,4,5,0,5,5,0,3,4,0,6,7,67,7,74,4,3,Yes,No,No,No,No,No,Yes,Technical,Yes,Yes,No,Upto 1 Lakh,Yes,Yes,Yes,BCS/BCA
4,5,5,3,85,110,2,4,3,0,4,5,70,2,4,0,5,6,77,8,76,3,4,No,No,No,No,Yes,Yes,Yes,Technical,Yes,Yes,No,Upto 1 Lakh,Yes,No,No,BCS/BCA
4,3,4,5,82,0,4,4,5,1,5,6,0,3,4,0,5,6,78,7,88,5,2,No,No,No,Yes,No,No,Yes,Technical,Yes,No,Yes,Upto 1 Lakh,No,No,Yes,BCS/BCA
3,4,3,4,83,0,4,6,4,1,3,6,0,5,3,0,4,6,82,7,77,4,4,No,Yes,Yes,No,Yes,Yes,Yes,Technical,No,Yes,No,Upto 1 Lakh,No,Yes,Yes,BCS/BCA
3,3,3,3,83,105,3,6,4,0,3,5,0,5,5,0,6,6,70,7,77,3,2,No,No,No,No,No,No,Yes,Technical,Yes,Yes,No,Upto 6 Lakh,No,No,No,BCS/BCA
5,5,3,4,81,0,4,6,5,0,3,6,0,4,4,0,5,5,73,7,78,5,2,Yes,No,No,No,Yes,Yes,No,Ma0gement,Yes,No,Yes,Less than 50K,Yes,No,Yes,BCS/BCA
3,4,4,5,83,0,3,6,5,1,5,4,0,5,2,0,6,5,67,8,89,4,4,No,No,No,No,No,No,No,Ma0gement,Yes,Yes,No,Upto 1 Lakh,Yes,No,Yes,BCS/BCA
4,4,3,3,76,112,4,5,4,1,5,6,0,2,4,0,5,5,72,8,84,4,4,No,Yes,No,No,Yes,Yes,Yes,Ma0gement,No,Yes,No,Upto 1 Lakh,No,Yes,No,BCS/BCA
5,5,5,5,79,0,3,4,5,0,5,6,0,4,4,0,5,7,82,7,83,5,2,No,No,No,No,No,No,Yes,Ma0gement,Yes,No,Yes,Upto 1 Lakh,No,No,Yes,BCS/BCA
3,5,4,5,81,0,2,5,5,1,3,4,0,4,2,0,4,5,81,7,72,5,2,No,No,No,No,Yes,Yes,Yes,Technical,Yes,Yes,No,Upto 1 Lakh,No,No,Yes,BCS/BCA
4,4,3,5,85,85,3,4,3,0,5,6,0,3,5,0,6,7,73,8,83,3,4,Yes,No,No,Yes,No,No,Yes,Technical,Yes,Yes,No,Upto 1 Lakh,Yes,Yes,No,BCS/BCA
4,5,4,3,81,0,4,5,3,1,5,5,0,4,2,156,6,5,69,8,88,3,2,No,Yes,No,No,Yes,Yes,Yes,Technical,No,No,Yes,Upto 1 Lakh,Yes,No,Yes,BCS/BCA
4,3,4,3,77,0,3,4,3,1,4,4,0,4,2,0,5,5,84,7,82,5,4,No,No,No,No,No,No,Yes,Technical,Yes,Yes,No,Upto 6 Lakh,No,No,Yes,BCS/BCA
5,3,5,5,79,100,3,6,3,1,5,6,0,5,2,0,6,7,66,7,76,4,4,No,No,No,No,Yes,Yes,Yes,Technical,Yes,Yes,No,Less than 50K,No,Yes,No,BCS/BCA
3,3,5,4,77,0,4,5,4,1,3,5,0,2,4,0,4,7,81,7,79,5,2,No,No,Yes,No,No,No,Yes,Technical,Yes,No,Yes,Upto 1 Lakh,No,No,Yes,BCS/BCA
4,4,4,4,76,0,4,4,5,1,3,5,0,2,2,0,6,7,83,8,72,3,3,Yes,Yes,No,No,Yes,Yes,Yes,Ma0gement,No,Yes,No,Upto 1 Lakh,Yes,No,Yes,BCS/BCA
3,3,4,3,81,115,4,5,5,0,5,5,0,2,3,0,4,6,63,7,81,4,3,No,No,No,No,No,No,No,Ma0gement,Yes,Yes,No,Upto 1 Lakh,Yes,Yes,No,BCS/BCA
4,4,3,4,85,0,4,5,3,1,5,6,0,4,2,0,5,5,72,7,74,3,4,No,No,No,No,Yes,Yes,No,Technical,Yes,No,Yes,Upto 1 Lakh,No,No,Yes,BCS/BCA
5,4,3,4,79,0,3,4,4,1,4,5,0,5,5,0,4,5,68,8,90,4,2,No,Yes,No,Yes,No,No,Yes,Technical,Yes,Yes,No,Upto 1 Lakh,No,No,Yes,BCS/BCA
5,5,3,3,78,70,3,6,3,0,4,6,0,5,3,157,6,6,68,7,78,4,4,No,No,No,No,Yes,Yes,Yes,Technical,No,Yes,No,Upto 1 Lakh,No,Yes,No,BCS/BCA
5,5,5,4,75,0,4,4,3,1,3,5,0,3,4,0,6,5,80,8,72,4,3,Yes,No,No,No,No,No,Yes,Technical,Yes,No,Yes,Upto 6 Lakh,Yes,No,Yes,BCS/BCA
4,4,5,4,85,0,3,5,4,0,5,5,0,2,5,0,6,6,67,8,72,3,2,No,No,No,No,Yes,Yes,Yes,Technical,Yes,Yes,No,Less than 50K,Yes,No,Yes,BCS/BCA
5,5,5,6,75,85,7,6,3,1,3,5,0,5,2,443,4,5,72,1,72,7,9,No,Yes,Yes,Yes,Yes,Yes,No,Technical,Yes,Yes,No,Upto 1 Lakh,No,No,No,BVSc.
3,5,5,6,79,0,7,5,3,1,5,5,65,4,5,453,6,6,78,1,73,7,8,No,No,Yes,Yes,No,Yes,Yes,Ma0gement,No,No,Yes,Upto 1 Lakh,No,Yes,Yes,BVSc.
4,4,3,5,85,0,7,6,3,1,3,5,0,2,2,370,6,6,75,2,67,8,8,No,No,Yes,Yes,Yes,No,No,Technical,Yes,Yes,No,Upto 1 Lakh,No,No,Yes,BVSc.
4,3,3,6,77,86,7,5,3,1,4,4,0,5,5,432,6,7,75,3,69,8,9,Yes,No,Yes,Yes,No,Yes,No,Ma0gement,Yes,Yes,No,Upto 1 Lakh,Yes,Yes,No,BVSc.
4,5,4,5,75,0,7,4,3,0,4,6,0,5,2,315,5,6,74,3,70,8,7,No,Yes,Yes,Yes,Yes,No,Yes,Technical,No,No,Yes,Upto 1 Lakh,Yes,No,No,BVSc.
5,5,3,6,81,0,6,4,5,1,5,4,0,5,2,268,6,7,79,1,67,8,8,No,No,Yes,Yes,No,Yes,No,Ma0gement,Yes,Yes,No,Upto 1 Lakh,No,Yes,Yes,BVSc.
3,4,3,5,79,87,6,5,5,0,4,6,66,2,3,252,5,5,74,3,80,9,9,No,No,Yes,Yes,Yes,No,No,Technical,Yes,Yes,No,Upto 6 Lakh,No,No,Yes,BVSc.
4,3,4,5,78,0,6,4,4,0,4,6,0,3,3,357,4,5,68,2,72,9,7,No,No,Yes,Yes,No,Yes,Yes,Ma0gement,No,No,Yes,Less than 50K,No,Yes,No,BVSc.
4,3,5,6,77,0,6,4,3,1,4,6,0,2,5,431,5,7,71,1,70,8,7,Yes,Yes,Yes,Yes,Yes,No,No,Technical,Yes,Yes,No,Upto 1 Lakh,Yes,No,No,BVSc.
4,4,4,5,85,88,7,4,3,0,4,4,0,2,3,486,6,5,74,1,74,9,7,No,No,Yes,Yes,No,Yes,No,Ma0gement,Yes,Yes,No,Upto 1 Lakh,Yes,Yes,Yes,BVSc.
5,3,3,6,75,0,6,4,4,1,4,4,0,3,2,460,4,7,73,3,72,8,7,No,No,Yes,Yes,Yes,No,Yes,Technical,No,No,Yes,Upto 1 Lakh,No,No,Yes,BVSc.
3,5,4,6,82,0,7,4,4,1,4,6,67,2,5,310,6,7,75,2,74,9,8,No,No,Yes,Yes,No,Yes,No,Ma0gement,Yes,Yes,No,Upto 1 Lakh,No,Yes,No,BVSc.
5,3,4,5,81,89,7,6,4,0,3,4,0,3,5,404,6,7,74,3,68,7,7,No,Yes,Yes,Yes,Yes,No,No,Technical,Yes,Yes,No,Upto 1 Lakh,No,No,No,BVSc.
4,4,5,6,76,0,7,6,5,0,5,4,0,4,3,425,6,7,75,3,79,9,7,Yes,No,Yes,Yes,No,Yes,Yes,Ma0gement,No,No,Yes,Upto 1 Lakh,Yes,Yes,Yes,BVSc.
5,3,4,6,83,0,7,4,5,0,3,6,0,3,5,263,4,5,71,1,76,7,8,No,No,Yes,Yes,Yes,No,No,Technical,Yes,Yes,No,Upto 6 Lakh,Yes,No,Yes,BVSc.
3,5,4,6,80,90,6,4,5,0,3,6,0,2,4,360,4,6,69,3,65,8,8,No,Yes,Yes,Yes,No,Yes,No,Ma0gement,Yes,Yes,No,Less than 50K,No,Yes,No,BVSc.
5,3,5,5,79,0,7,6,3,0,3,5,68,4,4,314,4,5,76,1,65,8,8,No,No,Yes,Yes,Yes,No,Yes,Technical,No,No,Yes,Upto 1 Lakh,No,No,No,BVSc.
5,4,3,6,85,0,7,6,5,1,3,4,0,2,3,378,5,6,80,1,67,8,7,No,No,Yes,Yes,No,Yes,No,Ma0gement,Yes,Yes,No,Upto 1 Lakh,No,Yes,Yes,BVSc.
4,5,4,6,84,91,7,5,4,0,4,4,0,4,5,428,6,6,80,1,66,7,9,Yes,No,Yes,Yes,Yes,No,No,Technical,Yes,Yes,No,Upto 1 Lakh,Yes,No,Yes,BVSc.
3,4,3,6,83,0,7,4,4,1,4,5,0,3,5,404,4,7,79,3,66,7,9,No,Yes,Yes,Yes,No,Yes,Yes,Ma0gement,No,No,Yes,Upto 1 Lakh,Yes,Yes,No,BVSc.
3,4,4,5,80,0,6,4,3,0,4,5,0,5,4,200,4,5,74,2,80,9,7,No,No,Yes,Yes,Yes,No,No,Technical,Yes,Yes,No,Upto 1 Lakh,No,No,No,BVSc.
4,5,4,5,75,92,7,5,4,1,5,4,69,5,3,251,6,7,68,3,70,8,9,No,No,Yes,Yes,No,Yes,No,Ma0gement,Yes,Yes,No,Upto 1 Lakh,No,Yes,Yes,BVSc.
5,4,4,5,82,0,6,6,3,1,3,6,0,4,2,363,5,5,73,3,74,9,8,No,No,Yes,Yes,Yes,No,Yes,Technical,No,No,Yes,Upto 6 Lakh,No,No,Yes,BVSc.
4,3,5,5,84,0,6,4,5,0,4,6,0,5,5,230,6,7,80,1,79,9,9,Yes,Yes,Yes,Yes,No,Yes,No,Ma0gement,Yes,Yes,No,Less than 50K,Yes,Yes,No,BVSc.
5,4,4,5,82,93,7,5,3,1,4,6,0,2,4,306,4,6,72,2,74,9,9,No,No,Yes,Yes,Yes,No,No,Technical,Yes,Yes,No,Upto 1 Lakh,Yes,No,No,BVSc.
3,5,5,5,77,0,7,4,4,0,4,6,0,3,4,320,4,7,79,1,76,7,9,No,No,Yes,Yes,No,Yes,Yes,Ma0gement,No,No,Yes,Upto 1 Lakh,No,Yes,Yes,BVSc.
4,3,4,5,85,0,6,5,3,0,3,4,70,2,3,445,5,7,78,3,76,9,9,No,No,Yes,Yes,Yes,No,No,Technical,Yes,Yes,No,Upto 1 Lakh,No,No,Yes,BVSc.
5,4,3,5,77,94,7,5,4,0,5,5,0,3,4,427,6,7,79,3,65,9,8,No,Yes,Yes,Yes,No,Yes,No,Ma0gement,Yes,Yes,No,Upto 1 Lakh,No,Yes,No,BVSc.
3,4,3,6,77,0,7,4,3,1,3,6,0,2,5,483,4,7,70,3,79,7,7,Yes,No,Yes,Yes,Yes,No,Yes,Technical,No,No,Yes,Upto 1 Lakh,Yes,No,No,BVSc.
3,5,5,5,81,0,7,6,5,1,5,4,0,4,5,421,4,6,71,3,73,7,9,No,Yes,Yes,Yes,No,Yes,No,Ma0gement,Yes,Yes,No,Upto 1 Lakh,Yes,Yes,Yes,BVSc.
3,4,4,6,84,95,7,6,5,1,3,5,0,5,2,357,4,5,79,1,78,8,7,No,No,Yes,Yes,Yes,No,No,Technical,Yes,Yes,No,Upto 6 Lakh,No,No,Yes,BVSc.
3,5,5,6,76,0,6,4,3,1,3,5,71,2,5,470,6,7,73,1,73,7,9,No,Yes,Yes,Yes,No,Yes,Yes,Ma0gement,No,No,Yes,Less than 50K,No,Yes,No,BVSc.
5,3,4,6,75,0,6,6,3,1,3,4,0,2,3,304,4,6,70,1,70,9,7,No,No,Yes,Yes,Yes,No,No,Technical,Yes,Yes,No,Upto 1 Lakh,No,No,No,BVSc.
3,5,4,5,84,96,7,5,4,1,5,6,0,3,2,261,5,5,71,3,79,9,7,Yes,Yes,Yes,Yes,No,Yes,No,Ma0gement,Yes,Yes,No,Upto 1 Lakh,Yes,Yes,Yes,BVSc.
5,5,4,5,79,0,6,6,5,1,4,5,0,3,3,441,4,5,78,2,71,8,8,No,No,Yes,Yes,Yes,No,Yes,Technical,No,No,Yes,Upto 1 Lakh,Yes,No,Yes,BVSc.
4,3,5,6,77,0,7,4,5,1,4,5,0,5,5,224,4,7,80,2,66,8,7,No,Yes,Yes,Yes,No,Yes,No,Ma0gement,Yes,Yes,No,Upto 1 Lakh,No,Yes,No,BVSc.
5,5,5,5,81,97,6,5,4,1,3,6,72,4,2,419,6,7,75,1,65,7,9,No,No,Yes,Yes,Yes,No,No,Technical,Yes,Yes,No,Upto 1 Lakh,No,No,No,BVSc.
4,4,3,6,75,0,7,4,3,0,5,6,0,3,5,493,6,5,80,2,78,7,8,No,Yes,Yes,Yes,No,Yes,Yes,Ma0gement,No,No,Yes,Upto 1 Lakh,No,Yes,Yes,BVSc.
4,4,4,5,75,0,7,4,4,1,5,6,0,2,2,403,4,6,68,2,73,7,8,Yes,No,Yes,Yes,Yes,No,No,Technical,Yes,Yes,No,Upto 6 Lakh,Yes,No,Yes,BVSc.
3,5,4,5,80,98,7,6,5,0,3,6,0,3,3,253,5,5,78,2,67,7,8,No,Yes,Yes,Yes,No,Yes,No,Ma0gement,Yes,Yes,No,Less than 50K,Yes,Yes,No,BVSc.
5,5,3,5,83,0,6,4,4,1,4,5,0,4,3,299,4,7,68,1,75,7,7,No,No,Yes,Yes,Yes,No,Yes,Technical,No,No,Yes,Upto 1 Lakh,No,No,No,BVSc.
3,4,5,6,84,0,6,6,3,0,5,6,73,2,3,368,4,7,76,1,66,8,7,No,Yes,Yes,Yes,No,Yes,No,Ma0gement,Yes,Yes,No,Upto 1 Lakh,No,Yes,Yes,BVSc.
3,3,5,5,83,99,7,6,5,1,3,5,0,3,2,377,6,6,74,1,77,9,7,No,No,Yes,Yes,Yes,No,No,Technical,Yes,Yes,No,Upto 1 Lakh,No,No,Yes,BVSc.
4,5,3,5,79,0,6,6,4,1,4,6,0,5,2,291,4,7,77,1,80,9,7,Yes,Yes,Yes,Yes,No,Yes,Yes,Ma0gement,No,No,Yes,Upto 1 Lakh,Yes,Yes,No,BVSc.
3,3,3,6,76,0,7,6,3,0,3,6,0,4,3,277,4,7,77,3,78,9,7,No,No,Yes,Yes,Yes,No,No,Technical,Yes,Yes,No,Upto 1 Lakh,Yes,No,No,BVSc.
4,5,3,6,82,100,7,4,4,1,3,6,0,3,2,481,4,6,79,3,80,8,8,No,Yes,Yes,Yes,No,Yes,No,Ma0gement,Yes,Yes,No,Upto 1 Lakh,No,Yes,Yes,BVSc.
5,4,5,5,85,0,7,5,3,1,4,4,74,3,4,491,5,6,69,3,74,7,9,No,No,Yes,Yes,Yes,No,Yes,Technical,No,No,Yes,Upto 6 Lakh,No,No,Yes,BVSc.
4,3,3,5,77,0,6,6,5,1,3,5,0,4,2,371,5,6,74,3,66,8,9,No,Yes,Yes,Yes,No,Yes,No,Ma0gement,Yes,Yes,No,Less than 50K,No,Yes,No,BVSc.
3,4,3,5,77,101,6,6,5,0,3,6,0,4,4,352,6,5,73,3,73,8,9,Yes,No,Yes,Yes,Yes,No,No,Technical,Yes,Yes,No,Upto 1 Lakh,Yes,No,No,BVSc.
4,3,3,5,84,0,6,6,3,0,3,4,0,3,3,307,6,6,71,1,67,7,8,No,Yes,Yes,Yes,No,Yes,Yes,Ma0gement,No,No,Yes,Upto 1 Lakh,Yes,Yes,Yes,BVSc.
5,4,4,5,76,0,7,5,3,0,3,5,0,4,5,269,4,7,77,3,72,8,9,No,No,Yes,Yes,Yes,No,No,Technical,Yes,Yes,No,Upto 1 Lakh,No,No,Yes,BVSc.
4,3,4,5,83,102,7,5,4,0,4,4,75,4,4,495,5,6,71,2,78,9,8,No,Yes,Yes,Yes,No,Yes,No,Ma0gement,Yes,Yes,No,Upto 1 Lakh,No,Yes,No,BVSc.
4,5,3,6,81,0,6,5,4,1,5,6,0,2,2,304,6,5,78,3,74,8,8,No,No,Yes,Yes,Yes,No,Yes,Technical,No,No,Yes,Upto 1 Lakh,No,No,No,BVSc.
3,5,4,6,82,0,7,5,4,0,3,6,0,4,3,455,4,7,77,2,77,7,7,Yes,Yes,Yes,Yes,No,Yes,No,Ma0gement,Yes,Yes,No,Upto 1 Lakh,Yes,Yes,Yes,BVSc.
3,3,3,5,78,103,7,6,5,1,5,6,0,5,5,439,4,7,73,1,77,8,9,No,No,Yes,Yes,Yes,No,No,Technical,Yes,Yes,No,Upto 6 Lakh,Yes,No,Yes,BVSc.
5,4,3,6,78,0,6,5,3,1,4,4,0,2,2,226,4,7,77,2,68,7,9,No,Yes,Yes,Yes,No,Yes,Yes,Ma0gement,No,No,Yes,Less than 50K,No,Yes,No,BVSc.
5,5,5,6,82,0,7,6,5,0,4,6,76,5,4,362,6,7,75,1,71,8,8,No,No,Yes,Yes,Yes,No,No,Technical,Yes,Yes,No,Upto 1 Lakh,No,No,No,BVSc.
3,4,3,6,79,104,7,5,4,0,4,4,0,2,5,268,6,6,70,3,72,8,9,No,Yes,Yes,Yes,No,Yes,No,Ma0gement,Yes,Yes,No,Upto 1 Lakh,No,Yes,Yes,BVSc.
4,4,5,5,79,0,6,4,5,0,3,6,0,3,3,400,5,6,79,1,65,8,9,Yes,No,Yes,Yes,Yes,No,Yes,Technical,No,No,Yes,Upto 1 Lakh,Yes,No,Yes,BVSc.
3,5,4,7,84,0,8,6,3,0,5,4,0,5,2,478,6,7,72,3,67,7,7,No,Yes,Yes,Yes,Yes,Yes,No,Technical,Yes,Yes,No,Upto 1 Lakh,Yes,Yes,No,Medical
5,3,4,8,75,105,9,5,3,1,4,5,0,4,4,539,5,7,73,2,78,7,7,No,No,No,No,Yes,Yes,Yes,Ma0gement,Yes,Yes,No,Upto 1 Lakh,No,No,No,Medical
5,4,5,7,79,0,8,5,3,1,4,6,77,2,5,572,6,6,76,3,73,6,6,No,Yes,No,No,Yes,Yes,No,Technical,No,No,Yes,Upto 1 Lakh,No,Yes,Yes,Medical
3,3,3,8,78,0,8,4,3,0,4,5,0,3,3,610,6,5,76,1,72,6,6,No,No,Yes,No,Yes,Yes,No,Ma0gement,Yes,Yes,No,Upto 6 Lakh,No,No,Yes,Medical
5,4,5,7,85,106,8,5,3,0,3,4,0,2,5,304,6,6,80,1,78,7,7,Yes,Yes,Yes,No,Yes,Yes,Yes,Technical,Yes,Yes,No,Less than 50K,Yes,Yes,No,Medical
4,3,5,9,82,0,9,6,5,0,3,4,0,4,5,328,5,6,76,1,77,7,5,No,No,No,No,Yes,Yes,No,Ma0gement,No,No,Yes,Upto 1 Lakh,Yes,No,No,Medical
3,4,5,8,83,0,9,6,4,1,5,6,0,4,5,578,6,5,78,2,75,7,6,No,Yes,No,No,Yes,Yes,No,Technical,Yes,Yes,No,Upto 1 Lakh,No,Yes,Yes,Medical
3,4,4,8,80,107,8,5,3,1,5,5,78,3,4,629,5,7,80,2,73,6,5,No,No,No,No,Yes,Yes,Yes,Ma0gement,Yes,Yes,No,Upto 1 Lakh,No,No,Yes,Medical
3,5,3,8,80,0,8,4,5,0,5,5,0,4,2,459,6,5,79,2,69,6,6,No,Yes,Yes,No,Yes,Yes,No,Technical,No,No,Yes,Upto 1 Lakh,No,Yes,No,Medical
4,4,3,7,85,0,9,4,3,1,3,5,0,5,4,641,6,7,70,1,71,6,6,Yes,No,No,No,Yes,Yes,No,Ma0gement,Yes,Yes,No,Upto 1 Lakh,Yes,No,No,Medical
5,3,5,9,77,108,9,4,5,1,4,5,0,2,5,564,6,6,74,3,72,7,5,No,Yes,No,No,No,No,Yes,Technical,Yes,Yes,No,Upto 1 Lakh,Yes,Yes,Yes,Medical
3,4,5,7,84,0,8,6,4,0,5,4,0,2,3,500,6,5,77,3,68,7,7,No,No,Yes,No,Yes,Yes,No,Ma0gement,No,No,Yes,Upto 6 Lakh,No,No,Yes,Medical
5,4,5,9,84,0,8,4,3,1,4,4,79,2,2,518,6,7,79,3,67,6,7,No,Yes,Yes,Yes,Yes,Yes,No,Technical,Yes,Yes,No,Less than 50K,No,Yes,No,Medical
5,5,5,7,84,109,8,4,4,0,3,5,0,2,3,576,5,6,70,3,72,6,5,No,No,No,No,Yes,Yes,Yes,Ma0gement,Yes,Yes,No,Upto 1 Lakh,No,No,No,Medical
5,3,5,7,76,0,8,6,5,1,5,5,0,5,4,635,5,7,74,2,66,7,5,Yes,Yes,No,No,Yes,Yes,No,Technical,No,No,Yes,Upto 1 Lakh,Yes,Yes,Yes,Medical
4,3,5,7,82,0,8,6,4,0,4,6,0,5,5,623,5,7,75,2,72,6,5,No,No,No,No,Yes,Yes,No,Ma0gement,Yes,Yes,No,Upto 1 Lakh,Yes,No,Yes,Medical
4,4,5,9,80,110,9,6,3,0,5,6,0,4,3,637,6,7,79,1,75,7,6,No,Yes,Yes,No,Yes,Yes,Yes,Technical,Yes,Yes,No,Upto 1 Lakh,No,Yes,No,Medical
5,5,5,9,77,0,9,4,4,0,5,4,80,3,3,373,5,5,76,2,76,6,7,No,No,No,No,Yes,Yes,No,Ma0gement,No,No,Yes,Upto 1 Lakh,No,No,No,Medical
5,4,5,7,80,0,9,5,4,0,5,5,0,3,5,437,6,5,73,3,72,7,5,No,Yes,No,No,Yes,Yes,No,Technical,Yes,No,No,Upto 1 Lakh,No,Yes,Yes,Medical
3,5,4,8,83,111,9,5,4,0,3,4,0,5,4,312,6,6,70,1,73,7,7,Yes,No,Yes,No,Yes,Yes,Yes,Ma0gement,Yes,Yes,No,Upto 6 Lakh,Yes,No,Yes,Medical
3,4,5,8,75,0,8,5,5,1,5,5,0,3,5,631,5,6,75,2,73,7,6,No,Yes,Yes,No,Yes,Yes,No,Technical,No,Yes,Yes,Less than 50K,Yes,Yes,No,Medical
5,3,4,8,78,0,9,5,5,1,4,6,0,3,3,421,5,6,77,1,73,7,7,No,No,No,No,Yes,No,No,Ma0gement,Yes,No,No,Upto 1 Lakh,No,No,No,Medical
4,5,3,8,82,112,9,4,3,1,3,6,81,4,4,586,6,7,78,1,70,7,7,No,Yes,No,No,Yes,Yes,Yes,Technical,Yes,Yes,No,Upto 1 Lakh,No,Yes,Yes,Medical
4,4,5,9,78,0,8,4,5,1,5,4,0,3,3,590,6,5,72,1,75,6,5,No,No,No,No,Yes,Yes,No,Ma0gement,No,Yes,Yes,Upto 1 Lakh,No,No,Yes,Medical
5,3,4,7,75,0,8,4,3,1,5,5,0,5,5,650,6,5,69,2,69,7,6,Yes,Yes,Yes,Yes,Yes,Yes,No,Technical,Yes,No,No,Upto 1 Lakh,Yes,Yes,No,Medical
4,4,3,8,84,113,8,6,4,0,5,6,0,4,5,344,5,6,74,2,79,7,6,No,No,No,No,Yes,Yes,Yes,Ma0gement,Yes,Yes,No,Upto 1 Lakh,Yes,No,No,Medical
3,4,3,9,77,0,8,6,4,0,5,5,0,3,5,315,5,6,73,1,80,7,7,No,Yes,No,No,Yes,Yes,No,Technical,No,Yes,Yes,Upto 1 Lakh,No,Yes,Yes,Medical
4,4,4,9,82,0,8,5,4,1,3,5,82,3,4,477,5,6,76,2,74,7,5,No,No,Yes,No,Yes,Yes,No,Ma0gement,Yes,No,No,Upto 6 Lakh,No,No,Yes,Medical
3,5,3,8,83,114,8,5,4,0,4,5,0,2,3,301,5,5,74,2,72,7,7,No,Yes,Yes,No,Yes,Yes,Yes,Technical,Yes,Yes,No,Less than 50K,No,Yes,No,Medical
4,4,5,7,85,0,9,5,3,1,3,6,0,5,3,374,5,6,69,2,68,6,5,Yes,No,No,No,Yes,Yes,No,Ma0gement,No,Yes,Yes,Upto 1 Lakh,Yes,No,No,Medical
4,3,3,8,78,0,8,4,3,1,5,6,0,5,3,634,6,7,77,3,69,7,6,No,Yes,No,No,Yes,Yes,No,Technical,Yes,No,No,Upto 1 Lakh,Yes,Yes,Yes,Medical
4,5,4,7,76,115,8,4,3,0,5,4,0,5,5,341,6,7,73,2,74,7,5,No,No,No,No,Yes,Yes,Yes,Ma0gement,Yes,Yes,No,Upto 1 Lakh,No,No,Yes,Medical
4,3,4,7,76,0,9,4,4,0,5,6,83,4,2,480,5,6,73,1,68,7,5,No,Yes,Yes,No,Yes,No,No,Technical,No,Yes,Yes,Upto 1 Lakh,No,Yes,No,Medical
3,5,3,8,75,0,9,4,4,0,4,6,0,2,5,382,5,7,77,3,66,6,7,No,No,No,No,Yes,Yes,No,Ma0gement,Yes,No,No,Upto 1 Lakh,No,No,No,Medical
3,3,4,8,80,116,9,6,5,0,4,4,0,2,4,623,6,6,75,3,66,6,6,Yes,Yes,No,No,Yes,Yes,Yes,Technical,Yes,Yes,No,Upto 1 Lakh,Yes,Yes,Yes,Medical
5,3,5,9,82,0,9,5,3,1,3,4,0,5,2,485,6,6,68,3,66,7,5,No,No,Yes,No,Yes,Yes,No,Ma0gement,No,Yes,Yes,Upto 6 Lakh,Yes,No,Yes,Medical
3,3,5,9,75,0,9,4,3,0,4,6,0,3,5,394,6,7,69,3,75,6,6,No,Yes,Yes,Yes,Yes,Yes,No,Technical,Yes,No,No,Less than 50K,No,Yes,No,Medical
3,4,4,8,81,117,8,5,5,0,3,4,84,4,2,323,5,7,68,2,75,7,6,No,No,No,No,Yes,Yes,Yes,Ma0gement,Yes,No,No,Upto 1 Lakh,No,No,No,Medical
4,3,3,7,77,0,8,4,3,0,5,4,0,5,2,311,6,5,79,2,73,6,5,No,Yes,No,No,Yes,Yes,No,Technical,No,Yes,Yes,Upto 1 Lakh,No,Yes,Yes,Medical
5,5,3,8,83,0,8,4,4,1,4,4,0,3,2,474,6,6,76,1,75,7,7,Yes,No,No,No,Yes,Yes,No,Ma0gement,Yes,Yes,No,Upto 1 Lakh,Yes,No,Yes,Medical
4,4,4,7,77,118,9,4,3,1,5,5,0,2,4,611,5,5,78,2,70,7,7,No,Yes,Yes,No,Yes,Yes,Yes,Technical,Yes,No,No,Upto 1 Lakh,Yes,Yes,No,Medical
5,4,3,9,75,0,8,4,5,1,3,4,0,5,2,646,5,5,71,1,69,6,7,No,No,No,No,Yes,Yes,No,Ma0gement,No,Yes,Yes,Upto 1 Lakh,No,No,No,Medical
4,5,4,8,76,0,8,6,4,1,3,4,85,4,5,582,6,5,80,1,69,7,7,No,Yes,No,No,No,Yes,No,Technical,Yes,Yes,No,Upto 1 Lakh,No,Yes,Yes,Medical
5,4,4,9,84,119,9,4,3,1,4,5,0,5,2,563,6,6,71,3,77,7,6,No,No,Yes,No,Yes,No,Yes,Ma0gement,Yes,No,No,Upto 6 Lakh,No,No,Yes,Medical
5,3,3,8,77,0,8,6,5,0,4,4,0,4,3,370,6,6,77,1,71,6,6,Yes,Yes,Yes,No,Yes,Yes,No,Technical,No,Yes,Yes,Less than 50K,Yes,Yes,No,Medical
4,5,3,7,82,0,8,5,3,0,4,4,0,5,2,367,6,6,79,1,73,7,6,No,No,No,No,Yes,Yes,No,Ma0gement,Yes,Yes,No,Upto 1 Lakh,Yes,No,No,Medical
3,4,4,9,76,120,8,5,4,1,4,6,0,2,2,330,6,7,71,1,67,6,6,No,Yes,No,No,Yes,Yes,Yes,Technical,Yes,No,No,Upto 1 Lakh,No,Yes,Yes,Medical
4,5,5,9,84,0,9,5,5,1,4,5,86,2,3,354,5,7,77,3,78,6,6,No,No,No,No,Yes,Yes,No,Ma0gement,No,Yes,Yes,Upto 1 Lakh,No,No,Yes,Medical
4,4,3,9,82,0,8,4,3,1,4,5,0,5,3,360,5,7,71,1,76,6,6,No,Yes,Yes,Yes,Yes,Yes,No,Technical,Yes,Yes,No,Upto 1 Lakh,No,Yes,No,Medical
5,3,4,9,85,121,8,5,5,1,5,6,0,2,4,648,6,5,76,2,67,7,6,Yes,No,No,No,Yes,Yes,Yes,Ma0gement,Yes,No,No,Upto 1 Lakh,Yes,No,No,Medical
4,5,5,7,82,0,9,5,5,1,3,5,0,2,5,384,6,5,78,2,65,6,5,No,Yes,No,No,Yes,Yes,No,Technical,No,Yes,Yes,Upto 1 Lakh,Yes,Yes,Yes,Medical
4,3,5,9,76,0,9,4,3,0,4,6,0,5,3,612,6,5,73,2,76,6,6,No,No,Yes,No,Yes,Yes,No,Ma0gement,Yes,Yes,No,Upto 6 Lakh,No,No,Yes,Medical
4,4,4,7,82,122,8,5,4,1,5,6,87,4,3,358,5,5,71,1,69,7,7,No,Yes,Yes,No,Yes,Yes,Yes,Technical,Yes,No,No,Less than 50K,No,Yes,No,Medical
4,3,4,9,81,0,8,6,3,0,5,6,0,4,2,395,6,7,73,3,66,7,5,No,No,No,No,Yes,Yes,No,Ma0gement,No,Yes,Yes,Upto 1 Lakh,No,No,No,Medical
4,5,5,7,85,0,9,5,4,1,5,6,0,2,4,621,6,5,70,2,68,7,5,Yes,Yes,No,No,Yes,No,No,Technical,Yes,Yes,No,Upto 1 Lakh,Yes,Yes,Yes,Medical
3,4,3,8,82,123,9,5,4,1,4,5,0,5,2,455,6,7,72,3,67,6,6,No,No,No,No,Yes,Yes,Yes,Ma0gement,Yes,No,No,Upto 1 Lakh,Yes,No,Yes,Medical
3,4,3,8,85,0,9,5,5,0,3,4,0,2,5,300,6,7,77,3,73,7,5,No,Yes,Yes,No,Yes,Yes,No,Technical,No,No,Yes,Upto 1 Lakh,No,Yes,No,Medical
5,5,4,7,78,0,8,5,3,0,4,5,88,3,3,422,6,5,71,2,75,6,6,No,No,No,No,Yes,Yes,No,Ma0gement,Yes,Yes,No,Upto 1 Lakh,No,No,No,Medical
5,3,4,9,85,124,8,5,4,1,5,4,0,2,4,420,6,7,75,2,71,6,5,No,Yes,No,No,Yes,Yes,Yes,Technical,Yes,Yes,No,Upto 1 Lakh,No,Yes,Yes,Medical
5,3,4,7,80,0,8,5,4,0,3,5,0,2,2,576,6,6,78,3,71,7,7,Yes,No,Yes,No,Yes,Yes,No,Ma0gement,No,No,Yes,Upto 6 Lakh,Yes,No,Yes,Medical
5,3,4,7,77,0,8,5,3,1,3,5,0,3,3,342,6,5,71,3,72,7,7,No,Yes,Yes,Yes,Yes,Yes,No,Technical,Yes,Yes,No,Less than 50K,Yes,Yes,No,Medical
5,4,4,9,83,125,8,5,5,0,3,5,0,3,2,421,5,6,70,2,76,6,7,No,No,No,No,Yes,Yes,Yes,Ma0gement,Yes,Yes,No,Upto 1 Lakh,No,No,No,Medical
5,4,3,9,85,0,9,5,5,0,5,4,89,2,4,438,6,6,80,1,71,7,6,No,Yes,No,No,Yes,Yes,No,Technical,No,No,Yes,Upto 1 Lakh,No,Yes,Yes,Medical
3,3,3,7,85,0,9,6,5,1,5,5,0,3,4,511,5,5,78,3,74,6,5,No,No,No,No,Yes,Yes,No,Ma0gement,Yes,Yes,No,Upto 1 Lakh,No,No,Yes,Medical
5,3,4,8,77,126,9,4,4,1,5,6,0,4,2,382,5,5,74,3,70,6,5,Yes,Yes,Yes,No,Yes,Yes,Yes,Technical,Yes,Yes,No,Upto 1 Lakh,Yes,Yes,No,Medical
3,5,5,7,76,0,8,4,5,0,3,6,0,4,2,452,6,5,69,1,76,6,7,No,No,No,No,No,No,No,Ma0gement,No,No,Yes,Upto 1 Lakh,Yes,No,No,Medical
5,3,4,7,78,0,9,5,5,1,3,6,0,3,3,511,5,7,75,2,65,6,7,No,Yes,No,No,Yes,Yes,No,Technical,Yes,Yes,No,Upto 1 Lakh,No,Yes,Yes,Medical
4,3,3,9,82,127,8,5,4,1,3,6,90,3,5,560,6,6,75,3,77,7,7,No,No,Yes,No,Yes,Yes,Yes,Ma0gement,Yes,Yes,No,Upto 6 Lakh,No,No,Yes,Medical
5,3,4,7,77,0,8,4,3,1,3,6,0,2,3,569,6,6,72,1,73,6,6,No,Yes,Yes,No,Yes,Yes,No,Technical,No,No,Yes,Less than 50K,No,Yes,No,Medical
5,4,4,8,77,0,8,4,3,1,3,5,0,5,5,604,6,5,79,2,73,6,7,Yes,No,No,No,Yes,Yes,No,Ma0gement,Yes,Yes,No,Upto 1 Lakh,Yes,No,No,Medical
5,5,5,7,76,128,9,5,3,0,4,6,0,5,5,541,5,6,72,1,68,7,5,No,Yes,No,No,Yes,Yes,Yes,Technical,Yes,Yes,No,Upto 1 Lakh,Yes,Yes,Yes,Medical
5,4,5,8,84,0,8,4,4,0,5,6,0,3,4,401,5,7,71,1,73,7,7,No,No,No,No,Yes,Yes,No,Ma0gement,No,No,Yes,Upto 1 Lakh,No,No,Yes,Medical
3,3,4,9,80,0,8,6,3,0,3,5,91,4,4,523,5,7,78,1,79,6,7,No,Yes,Yes,Yes,Yes,Yes,No,Technical,Yes,Yes,No,Upto 1 Lakh,No,Yes,No,Medical
3,3,5,8,82,129,8,4,5,1,3,4,0,3,5,585,6,5,75,2,69,6,6,No,No,No,No,No,Yes,Yes,Ma0gement,Yes,Yes,No,Upto 1 Lakh,No,No,No,Medical
3,3,5,9,82,0,8,6,4,0,3,6,0,3,3,423,6,6,73,1,69,6,7,Yes,Yes,No,No,Yes,Yes,No,Technical,No,No,Yes,Upto 1 Lakh,Yes,Yes,Yes,Medical
4,5,5,7,79,0,9,5,4,1,4,5,0,5,3,479,6,6,71,1,67,6,6,No,No,Yes,No,Yes,Yes,No,Ma0gement,Yes,No,No,Upto 6 Lakh,Yes,No,Yes,Medical
5,3,5,8,80,130,9,5,5,1,5,5,0,2,5,357,6,5,68,3,73,6,7,No,Yes,Yes,No,Yes,No,Yes,Technical,Yes,Yes,No,Less than 50K,No,Yes,No,Medical
5,5,5,7,81,0,8,6,4,0,4,5,92,2,4,347,6,6,79,1,68,6,7,No,No,No,No,Yes,Yes,No,Ma0gement,No,Yes,Yes,Upto 1 Lakh,No,No,No,Medical
3,3,3,9,79,0,8,6,4,1,4,6,0,3,4,533,6,5,80,3,77,7,7,No,Yes,No,No,Yes,Yes,No,Technical,Yes,No,No,Upto 1 Lakh,No,Yes,Yes,Medical